brand,model,engine_type,mileage_range,mileage,oil_filter,engine_oil,washer_plug_drain,dust_and_pollen_filter,wheel_alignment_and_balancing,air_clean_filter,fuel_filter,spark_plug,brake_fluid,brake_and_clutch_oil,transmission_fluid,brake_pads,clutch,coolant
honda,jazz,petrol,10000,11400,1,1,0,0,1,0,0,0,0,0,0,0,0,0
honda,jazz,petrol,10000,11453,1,1,0,0,1,0,0,0,0,0,0,0,0,0
honda,jazz,petrol,10000,10706,1,1,0,0,0,0,0,0,0,0,0,0,0,0
honda,jazz,petrol,10000,11015,1,1,0,0,0,0,0,0,0,0,0,0,0,0
honda,jazz,petrol,10000,10039,1,1,0,0,0,0,0,0,0,0,0,0,0,0
honda,jazz,petrol,10000,10348,1,1,0,0,0,0,0,0,0,0,0,0,0,0
honda,jazz,petrol,10000,10936,1,1,0,0,1,0,0,0,0,0,0,0,0,0
honda,jazz,petrol,10000,10355,1,1,0,0,0,0,0,0,0,0,0,0,0,0
honda,jazz,petrol,10000,11028,1,1,0,0,0,0,0,0,0,0,0,0,0,0
honda,jazz,petrol,10000,10843,1,1,0,0,0,0,0,0,0,0,0,0,0,0
honda,jazz,petrol,10000,10686,1,1,0,0,0,0,0,0,0,0,0,0,0,0
honda,jazz,petrol,10000,10573,1,1,0,0,0,0,0,0,0,0,0,0,0,0
honda,jazz,petrol,10000,10992,1,1,1,0,0,0,0,0,0,0,0,0,0,0
honda,jazz,petrol,10000,10376,1,1,1,0,0,0,0,0,0,0,0,0,0,0
honda,jazz,petrol,10000,11009,1,1,1,0,1,0,0,0,0,0,0,0,0,0
honda,jazz,petrol,10000,10048,1,1,1,0,0,0,0,0,0,0,0,0,0,0
honda,jazz,petrol,10000,10623,1,1,1,0,0,0,0,0,0,0,0,0,0,0
honda,jazz,petrol,10000,10832,1,1,1,0,1,0,0,0,0,0,0,0,0,0
honda,jazz,petrol,10000,11034,1,1,1,0,1,0,0,0,0,0,0,0,0,0
honda,jazz,petrol,10000,10228,1,1,1,0,1,0,0,0,0,0,0,0,0,0
honda,jazz,petrol,20000,20679,1,1,1,1,0,0,0,0,0,0,0,0,0,0
honda,jazz,petrol,20000,20797,1,1,1,1,0,0,0,0,0,0,0,0,0,0
honda,jazz,petrol,20000,19646,1,1,1,1,0,0,0,0,0,0,0,0,0,0
honda,jazz,petrol,20000,20566,1,1,1,1,0,0,0,0,0,0,0,0,0,0
honda,jazz,petrol,20000,20478,1,1,1,1,0,0,0,0,0,0,0,0,0,0
honda,jazz,petrol,20000,20787,1,1,1,1,0,0,0,0,0,0,0,0,0,0
honda,jazz,petrol,20000,19899,1,1,1,1,0,0,0,0,0,0,0,0,0,0
honda,jazz,petrol,20000,20575,1,1,1,1,0,0,0,0,0,0,0,0,0,0
honda,jazz,petrol,20000,21587,1,1,1,1,0,0,0,0,0,0,0,0,0,0
honda,jazz,petrol,20000,20689,1,1,1,1,0,0,0,0,0,0,0,0,0,0
honda,jazz,petrol,20000,20464,1,1,1,1,0,0,0,0,0,0,0,0,0,0
honda,jazz,petrol,20000,21567,1,1,1,1,1,0,0,0,0,0,0,0,0,0
honda,jazz,petrol,20000,22769,1,1,1,1,1,0,0,0,0,0,0,0,0,0
honda,jazz,petrol,20000,20312,1,1,1,1,1,0,0,0,0,0,0,0,0,0
honda,jazz,petrol,20000,20453,1,1,1,1,1,0,0,0,0,0,0,0,0,0
honda,jazz,petrol,20000,20564,1,1,1,1,0,1,0,0,0,0,0,0,0,0
honda,jazz,petrol,20000,20644,1,1,1,1,0,1,0,0,0,0,0,0,0,0
honda,jazz,petrol,20000,20768,1,1,1,1,1,1,0,0,0,0,0,0,0,0
honda,jazz,petrol,20000,20543,1,1,1,1,0,1,0,0,0,0,0,0,0,0
honda,jazz,petrol,20000,21056,1,1,1,1,0,1,0,0,0,0,0,0,0,0
honda,jazz,petrol,30000,30239,1,1,1,0,0,0,0,0,0,0,0,0,0,0
honda,jazz,petrol,30000,30231,1,1,1,0,0,0,0,0,0,0,0,0,0,0
honda,jazz,petrol,30000,30783,1,1,1,0,0,0,0,0,0,0,0,0,0,0
honda,jazz,petrol,30000,30463,1,1,1,0,0,0,0,0,0,0,0,0,0,0
honda,jazz,petrol,30000,30463,1,1,1,0,0,0,0,0,0,0,0,0,0,0
honda,jazz,petrol,30000,29625,1,1,1,0,0,0,0,0,0,0,0,0,0,0
honda,jazz,petrol,30000,31833,1,1,1,0,0,0,0,0,0,0,0,0,0,0
honda,jazz,petrol,30000,30172,1,1,1,0,0,0,0,0,0,0,0,0,0,0
honda,jazz,petrol,30000,30132,1,1,1,0,0,0,0,0,0,0,0,0,0,0
honda,jazz,petrol,30000,29234,1,1,1,0,0,0,0,0,0,0,0,0,0,0
honda,jazz,petrol,30000,30541,1,1,1,0,0,0,0,0,0,0,0,0,0,0
honda,jazz,petrol,30000,29689,1,1,1,0,0,0,0,0,0,0,0,0,0,0
honda,jazz,petrol,30000,30545,1,1,1,0,0,0,0,0,0,0,0,0,0,0
honda,jazz,petrol,30000,30432,1,1,1,0,0,0,0,0,0,0,0,0,0,0
honda,jazz,petrol,30000,30679,1,1,1,0,0,0,0,0,0,0,0,0,0,0
honda,jazz,petrol,30000,30765,1,1,1,0,0,0,0,0,0,0,0,0,0,0
honda,jazz,petrol,30000,30758,1,1,1,0,0,0,0,0,0,0,0,0,0,0
honda,jazz,petrol,30000,31234,1,1,1,0,0,0,0,0,0,0,0,0,0,0
honda,jazz,petrol,30000,30272,1,1,1,0,0,0,0,0,0,0,0,0,0,0
honda,jazz,petrol,30000,30137,1,1,1,0,0,0,0,0,0,0,0,0,0,0
honda,jazz,petrol,40000,40231,1,1,1,1,0,0,0,1,0,0,0,0,0,1
honda,jazz,petrol,40000,40532,1,1,1,1,0,0,0,1,0,0,0,0,0,1
honda,jazz,petrol,40000,39163,1,1,1,1,0,0,0,1,0,0,0,0,0,1
honda,jazz,petrol,40000,40328,1,1,1,1,0,0,0,1,0,0,0,0,0,1
honda,jazz,petrol,40000,40368,1,1,1,1,0,0,0,1,0,0,0,0,0,1
honda,jazz,petrol,40000,39175,1,1,1,1,0,0,0,1,0,0,0,0,0,1
honda,jazz,petrol,40000,40613,1,1,1,1,0,0,0,1,0,0,0,0,0,1
honda,jazz,petrol,40000,40293,1,1,1,1,0,0,0,1,0,0,0,0,0,1
honda,jazz,petrol,40000,40733,1,1,1,1,0,0,0,1,0,0,0,0,0,1
honda,jazz,petrol,40000,41382,1,1,1,1,0,0,0,1,0,0,0,0,0,1
honda,jazz,petrol,40000,40289,1,1,1,1,0,0,0,1,0,0,0,0,0,1
honda,jazz,petrol,40000,39236,1,1,1,1,0,0,0,1,0,0,0,0,0,1
honda,jazz,petrol,40000,40722,1,1,1,1,0,0,0,1,0,0,0,0,0,1
honda,jazz,petrol,40000,42232,1,1,1,1,0,0,0,1,0,0,0,0,0,1
honda,jazz,petrol,40000,40724,1,1,1,1,0,0,0,1,0,0,0,0,0,1
honda,jazz,petrol,40000,40283,1,1,1,1,0,0,0,1,0,0,0,0,0,1
honda,jazz,petrol,40000,39328,1,1,1,1,0,0,0,1,0,0,0,0,0,1
honda,jazz,petrol,40000,41238,1,1,1,1,0,0,0,1,0,0,0,0,0,1
honda,jazz,petrol,40000,40278,1,1,1,1,0,0,0,1,0,0,0,0,0,1
honda,jazz,petrol,40000,40243,1,1,1,1,0,0,0,1,0,0,0,0,0,1
honda,jazz,petrol,50000,50234,1,1,1,0,0,0,0,0,0,0,0,0,0,0
honda,jazz,petrol,50000,50722,1,1,1,0,0,0,0,0,0,0,0,0,0,0
honda,jazz,petrol,50000,50236,1,1,1,0,0,0,0,0,0,0,0,0,0,0
honda,jazz,petrol,50000,50673,1,1,1,0,0,0,0,0,0,0,0,0,0,0
honda,jazz,petrol,50000,50892,1,1,1,0,0,0,0,0,0,0,0,0,0,0
honda,jazz,petrol,50000,51427,1,1,1,0,0,0,0,0,0,0,0,0,0,0
honda,jazz,petrol,50000,50237,1,1,1,0,0,0,0,0,0,0,0,0,0,0
honda,jazz,petrol,50000,49622,1,1,1,0,0,0,0,0,0,0,0,0,0,0
honda,jazz,petrol,50000,49263,1,1,1,0,0,0,0,0,0,0,0,0,0,0
honda,jazz,petrol,50000,50268,1,1,1,0,0,0,0,0,0,0,0,1,0,1
honda,jazz,petrol,50000,51452,1,1,1,0,0,0,0,0,1,0,0,1,0,1
honda,jazz,petrol,50000,50823,1,1,1,0,0,0,0,0,1,0,1,1,0,1
honda,jazz,petrol,50000,50179,1,1,1,0,0,0,0,0,1,0,1,1,0,1
honda,jazz,petrol,50000,51102,1,1,1,0,0,1,0,0,0,0,0,1,0,0
honda,jazz,petrol,50000,51324,1,1,1,0,0,1,0,0,0,0,0,1,0,0
honda,jazz,petrol,50000,50822,1,1,1,0,0,1,0,0,0,0,1,1,0,0
honda,jazz,petrol,50000,50264,1,1,1,0,1,1,0,0,1,0,0,1,0,0
honda,jazz,petrol,50000,50012,1,1,1,0,1,0,0,0,1,0,0,1,0,0
honda,jazz,petrol,50000,50272,1,1,1,0,0,0,0,1,0,0,1,1,0,0
honda,jazz,petrol,50000,50327,1,1,1,0,1,0,0,1,0,0,0,1,0,0
honda,jazz,petrol,60000,60272,1,1,1,1,0,1,0,0,1,0,1,1,0,0
honda,jazz,petrol,60000,60347,1,1,1,1,0,1,0,0,1,0,1,1,0,0
honda,jazz,petrol,60000,60322,1,1,1,1,0,1,1,0,1,0,1,1,0,0
honda,jazz,petrol,60000,60347,1,1,1,1,0,1,1,0,1,0,1,1,0,0
honda,jazz,petrol,60000,60839,1,1,1,1,0,1,1,0,1,0,1,1,0,0
honda,jazz,petrol,60000,60321,1,1,1,1,0,1,1,0,1,0,1,1,0,0
honda,jazz,petrol,60000,61733,1,1,1,1,0,1,1,0,1,0,1,1,0,0
honda,jazz,petrol,60000,60977,1,1,1,1,0,1,1,0,1,0,1,1,0,0
honda,jazz,petrol,60000,60632,1,1,1,1,0,1,1,0,1,0,1,1,0,0
honda,jazz,petrol,60000,60872,1,1,1,1,0,1,1,0,1,0,1,0,0,0
honda,jazz,petrol,60000,60134,1,1,1,1,0,1,1,0,1,0,1,0,0,0
honda,jazz,petrol,60000,60427,1,1,1,1,0,1,1,0,1,0,1,0,0,0
honda,jazz,petrol,60000,60349,1,1,1,1,0,1,1,0,1,0,1,0,0,0
honda,jazz,petrol,60000,60374,1,1,1,1,0,1,1,0,1,0,1,0,0,0
honda,jazz,petrol,60000,60694,1,1,1,1,0,1,1,0,1,0,1,0,0,0
honda,jazz,petrol,60000,61379,1,1,1,1,0,1,0,0,1,0,1,0,0,0
honda,jazz,petrol,60000,59262,1,1,1,1,0,1,0,0,1,0,1,0,0,0
honda,jazz,petrol,60000,60347,1,1,1,1,0,1,0,0,1,0,1,0,0,0
honda,jazz,petrol,60000,61372,1,1,1,1,0,1,0,0,1,0,1,0,0,0
honda,jazz,petrol,60000,60437,1,1,1,1,0,1,0,0,1,0,1,0,0,0
honda,jazz,petrol,70000,70262,1,1,1,0,0,0,0,0,0,0,0,0,1,0
honda,jazz,petrol,70000,70373,1,1,1,0,0,0,0,0,0,0,0,0,1,0
honda,jazz,petrol,70000,70764,1,1,1,0,1,0,0,0,0,0,0,0,1,0
honda,jazz,petrol,70000,70384,1,1,1,0,1,0,0,0,0,0,1,0,1,0
honda,jazz,petrol,70000,70976,1,1,1,0,1,0,0,0,0,0,1,0,1,0
honda,jazz,petrol,70000,71253,1,1,1,0,1,0,0,0,0,0,1,0,1,0
honda,jazz,petrol,70000,70311,1,1,1,0,1,0,0,0,0,0,0,0,1,0
honda,jazz,petrol,70000,70789,1,1,1,0,1,0,0,0,0,0,0,0,1,0
honda,jazz,petrol,70000,70098,1,1,1,0,1,0,0,1,0,0,0,0,1,0
honda,jazz,petrol,70000,69432,1,1,1,0,1,0,0,1,0,0,0,0,1,0
honda,jazz,petrol,70000,70894,1,1,1,0,1,0,0,1,0,0,0,0,1,0
honda,jazz,petrol,70000,70753,1,1,1,0,0,0,0,1,0,0,0,0,1,0
honda,jazz,petrol,70000,70756,1,1,1,0,0,0,0,0,0,0,0,0,1,0
honda,jazz,petrol,70000,70890,1,1,1,0,0,0,0,0,1,0,0,0,1,0
honda,jazz,petrol,70000,70473,1,1,1,0,0,0,0,0,1,0,0,0,1,0
honda,jazz,petrol,70000,70985,1,1,1,0,0,1,0,0,1,0,0,0,1,0
honda,jazz,petrol,70000,70342,1,1,1,0,0,1,0,0,1,0,0,0,1,0
honda,jazz,petrol,70000,70033,1,1,1,0,0,1,0,0,0,0,0,0,1,0
honda,jazz,petrol,70000,70653,1,1,1,0,0,0,0,0,0,0,0,0,1,0
honda,jazz,petrol,70000,70373,1,1,1,0,0,0,0,0,0,0,0,0,0,0
honda,jazz,petrol,80000,82238,1,1,1,0,0,0,1,1,0,0,0,0,0,0
honda,jazz,petrol,80000,89843,1,1,1,0,0,0,1,1,0,0,0,0,0,0
honda,jazz,petrol,80000,85834,1,1,1,0,0,0,1,1,0,0,0,0,0,0
honda,jazz,petrol,80000,88433,1,1,1,0,0,0,1,1,0,0,0,0,0,0
honda,jazz,petrol,80000,82363,1,1,1,0,0,0,1,1,0,0,0,0,0,0
honda,jazz,petrol,80000,83462,1,1,1,0,0,0,1,1,0,0,0,0,0,0
honda,jazz,petrol,80000,82346,1,1,1,0,0,0,1,1,0,0,0,0,0,0
honda,jazz,petrol,80000,89437,1,1,1,1,0,0,1,1,0,0,0,0,0,0
honda,jazz,petrol,80000,90327,1,1,1,1,0,0,1,1,0,0,0,0,0,0
honda,jazz,petrol,80000,82462,1,1,1,0,0,0,1,1,0,0,0,0,0,0
honda,jazz,petrol,80000,81482,1,1,1,0,0,0,1,1,0,0,0,0,0,0
honda,jazz,petrol,100000,122342,1,1,1,0,0,0,0,0,0,0,0,0,0,0
honda,jazz,petrol,100000,102378,1,1,1,1,0,0,0,0,0,0,0,0,0,0
honda,jazz,petrol,100000,113247,1,1,1,0,0,0,0,0,0,0,0,0,0,0
honda,jazz,petrol,100000,137822,1,1,1,0,0,0,0,0,0,0,0,0,0,0
honda,jazz,petrol,100000,129773,1,1,1,0,0,0,0,0,0,0,0,0,0,0
honda,jazz,petrol,100000,90239,1,1,1,1,0,0,0,0,0,0,0,0,0,0
honda,jazz,petrol,100000,94824,1,1,1,1,0,1,0,0,0,0,0,0,0,0
honda,jazz,petrol,100000,96348,1,1,1,1,0,1,1,0,0,0,0,0,0,0
honda,jazz,petrol,100000,94378,1,1,1,1,0,1,0,0,0,0,0,0,0,0
honda,jazz,petrol,100000,99947,1,1,1,1,0,1,0,0,0,0,0,0,0,0
honda,amaze,diesel,10000,10021,1,1,0,0,0,0,0,0,0,0,0,0,0,0
honda,amaze,diesel,10000,10005,1,1,0,0,0,0,0,0,0,0,0,0,0,0
honda,amaze,diesel,10000,9980,1,1,0,0,0,0,0,0,0,0,0,0,0,0
honda,amaze,diesel,10000,10100,1,1,0,0,0,0,0,0,0,0,0,0,0,0
honda,amaze,diesel,10000,11004,1,1,0,0,0,0,0,0,0,0,0,0,0,0
honda,amaze,diesel,10000,10078,1,1,0,0,0,0,0,0,0,0,0,0,0,0
honda,amaze,diesel,10000,12001,1,1,0,0,0,0,0,0,0,0,0,0,0,0
honda,amaze,diesel,10000,10003,1,1,0,0,0,0,0,0,0,0,0,0,0,0
honda,amaze,diesel,10000,9800,1,1,0,0,0,0,0,0,0,0,0,0,0,0
honda,amaze,diesel,10000,10302,1,1,0,0,0,0,0,0,0,0,0,0,0,0
honda,amaze,diesel,10000,10288,1,1,0,0,0,0,0,0,0,0,0,0,0,0
honda,amaze,diesel,10000,10003,1,1,0,0,0,0,0,0,0,0,0,0,0,0
honda,amaze,diesel,10000,10200,1,1,0,0,0,0,0,0,0,0,0,0,0,0
honda,amaze,diesel,10000,10123,1,1,0,0,0,0,0,0,0,0,0,0,0,0
honda,amaze,diesel,10000,9992,1,1,1,0,0,0,0,0,0,0,0,0,0,0
honda,amaze,diesel,10000,10675,1,1,1,0,0,0,0,0,0,0,0,0,0,0
honda,amaze,diesel,10000,13987,1,1,1,0,0,0,0,0,0,0,0,0,0,0
honda,amaze,diesel,10000,14567,1,1,1,0,0,0,0,0,0,0,0,0,0,0
honda,amaze,diesel,10000,11002,1,1,1,0,0,0,0,0,0,0,0,0,0,0
honda,amaze,diesel,10000,12347,1,1,1,0,0,0,0,0,0,0,0,0,0,0
honda,amaze,diesel,20000,20003,1,1,1,0,1,0,0,0,0,0,0,0,0,0
honda,amaze,diesel,20000,17890,1,1,1,0,1,1,1,0,0,0,0,0,0,0
honda,amaze,diesel,20000,23000,1,1,1,0,1,1,1,0,0,0,0,0,0,0
honda,amaze,diesel,20000,21000,1,1,1,0,1,1,1,0,0,0,0,0,0,0
honda,amaze,diesel,20000,18907,1,1,1,0,1,1,1,0,0,0,0,0,0,0
honda,amaze,diesel,20000,21000,1,1,1,0,1,1,1,0,0,0,0,0,0,0
honda,amaze,diesel,20000,19009,1,1,1,0,1,1,1,0,0,0,0,0,0,0
honda,amaze,diesel,20000,19998,1,1,1,0,1,1,1,0,0,0,0,0,0,0
honda,amaze,diesel,20000,23212,1,1,1,0,1,1,1,0,0,0,0,0,0,0
honda,amaze,diesel,20000,18989,1,1,1,0,1,1,1,0,0,0,0,0,0,0
honda,amaze,diesel,20000,19878,1,1,1,0,1,1,1,0,0,0,0,0,0,0
honda,amaze,diesel,20000,22398,1,1,1,0,1,1,1,0,0,0,0,0,0,0
honda,amaze,diesel,20000,24567,1,1,1,0,1,1,1,0,0,0,0,0,0,0
honda,amaze,diesel,20000,21000,1,1,1,0,1,1,1,0,0,0,0,0,0,0
honda,amaze,diesel,20000,22009,1,1,1,0,1,1,1,0,0,0,0,0,0,0
honda,amaze,diesel,20000,20009,1,1,1,0,1,1,1,0,0,0,0,0,0,0
honda,amaze,diesel,20000,24509,1,1,1,0,1,1,1,0,0,0,0,0,0,0
honda,amaze,diesel,20000,15559,1,1,1,0,1,1,1,0,0,0,0,0,0,0
honda,amaze,diesel,20000,19000,1,1,1,0,1,1,1,0,0,0,0,0,0,0
honda,amaze,diesel,20000,24500,1,1,1,0,1,1,1,0,0,0,0,0,0,0
honda,amaze,diesel,20000,21000,1,1,1,0,1,1,1,0,0,0,0,0,0,0
honda,amaze,diesel,30000,30002,1,1,1,0,0,0,0,0,0,1,0,0,0,0
honda,amaze,diesel,30000,30102,1,1,1,0,0,0,0,0,0,1,0,0,0,0
honda,amaze,diesel,30000,34543,1,1,1,0,0,0,0,0,0,1,0,0,0,0
honda,amaze,diesel,30000,31289,1,1,1,0,0,0,0,0,0,1,0,0,0,0
honda,amaze,diesel,30000,33298,1,1,1,0,0,0,0,0,0,1,0,0,0,0
honda,amaze,diesel,30000,32987,1,1,1,0,0,0,0,0,0,1,0,0,0,0
honda,amaze,diesel,30000,30007,1,1,1,0,0,0,0,0,0,1,0,0,0,0
honda,amaze,diesel,30000,29998,1,1,1,0,0,0,0,0,0,1,0,0,0,0
honda,amaze,diesel,30000,31980,1,1,1,0,0,0,0,0,0,1,0,0,0,0
honda,amaze,diesel,30000,30009,1,1,1,0,0,0,0,0,0,1,0,0,0,0
honda,amaze,diesel,30000,34543,1,1,1,0,0,0,0,0,0,1,0,0,0,0
honda,amaze,diesel,30000,34543,1,1,1,0,0,0,0,0,0,1,0,0,0,0
honda,amaze,diesel,30000,28987,1,1,1,0,0,0,0,0,0,1,0,0,0,0
honda,amaze,diesel,30000,31654,1,1,1,0,0,0,0,0,0,1,0,0,0,0
honda,amaze,diesel,30000,31098,1,1,1,0,0,0,0,0,0,1,0,0,0,0
honda,amaze,diesel,30000,26789,1,1,1,0,0,0,0,0,0,1,0,0,0,0
honda,amaze,diesel,30000,32456,1,1,1,0,0,0,0,0,0,1,0,0,0,0
honda,amaze,diesel,30000,27865,1,1,1,0,0,0,0,0,0,1,0,0,0,0
honda,amaze,diesel,30000,29876,1,1,1,0,0,0,0,0,0,1,0,0,0,0
honda,amaze,diesel,30000,31245,1,1,1,0,0,0,0,0,0,1,0,0,0,0
honda,amaze,diesel,30000,33233,1,1,1,0,0,0,0,0,0,1,0,0,0,0
honda,amaze,diesel,40000,40100,1,1,1,0,0,1,1,0,0,0,0,1,1,0
honda,amaze,diesel,40000,43221,1,1,1,0,0,1,1,0,0,0,0,1,1,0
honda,amaze,diesel,40000,41098,1,1,1,0,0,1,1,0,0,0,0,1,1,0
honda,amaze,diesel,40000,42222,1,1,1,0,0,1,1,0,0,0,0,1,1,0
honda,amaze,diesel,40000,43766,1,1,1,0,0,1,1,0,0,0,0,1,1,0
honda,amaze,diesel,40000,41787,1,1,1,0,0,1,1,0,0,0,0,1,1,0
honda,amaze,diesel,40000,42234,1,1,1,0,0,1,1,0,0,0,0,1,1,0
honda,amaze,diesel,40000,42656,1,1,1,0,0,1,1,0,0,0,0,1,1,0
honda,amaze,diesel,40000,43298,1,1,1,0,0,1,1,0,0,0,0,1,1,0
honda,amaze,diesel,40000,42787,1,1,1,0,0,1,1,0,0,0,0,1,1,0
honda,amaze,diesel,40000,40093,1,1,1,0,0,1,1,0,0,0,0,1,1,0
honda,amaze,diesel,40000,41980,1,1,1,0,0,1,1,0,0,0,0,1,1,0
honda,amaze,diesel,40000,40105,1,1,1,0,0,1,1,0,0,0,0,1,1,0
honda,amaze,diesel,40000,43000,1,1,1,0,0,1,1,0,0,0,0,1,1,0
honda,amaze,diesel,40000,38789,1,1,1,0,0,1,1,0,0,0,0,1,1,0
honda,amaze,diesel,40000,44004,1,1,1,0,0,1,1,0,0,0,0,1,1,0
honda,amaze,diesel,40000,43898,1,1,1,0,0,1,1,0,0,0,0,1,1,0
honda,amaze,diesel,40000,41098,1,1,1,0,0,1,1,0,0,0,0,1,1,0
honda,amaze,diesel,40000,42000,1,1,1,0,0,1,1,0,0,0,0,1,1,0
honda,amaze,diesel,40000,39450,1,1,1,0,0,1,1,0,0,0,0,1,1,0
honda,amaze,diesel,40000,40105,1,1,1,0,0,1,1,0,0,0,0,1,1,0
honda,amaze,diesel,50000,50005,1,1,1,0,1,0,0,0,0,1,0,0,0,0
honda,amaze,diesel,50000,50100,1,1,1,0,1,0,0,0,0,1,0,0,0,0
honda,amaze,diesel,50000,51050,1,1,1,0,1,0,0,0,0,1,0,0,0,0
honda,amaze,diesel,50000,52000,1,1,1,0,1,0,0,0,0,1,0,0,0,0
honda,amaze,diesel,50000,49850,1,1,1,0,1,0,0,0,0,1,0,0,0,0
honda,amaze,diesel,50000,52500,1,1,1,0,1,0,0,0,0,1,0,0,0,0
honda,amaze,diesel,50000,47500,1,1,1,0,1,0,0,0,0,1,0,0,0,0
honda,amaze,diesel,50000,51250,1,1,1,0,1,0,0,0,0,1,0,0,0,0
honda,amaze,diesel,50000,50090,1,1,1,0,1,0,0,0,0,1,0,0,0,0
honda,amaze,diesel,50000,52100,1,1,1,0,1,0,0,0,0,1,0,0,0,0
honda,amaze,diesel,50000,51023,1,1,1,0,1,0,0,0,0,1,0,0,0,0
honda,amaze,diesel,50000,53909,1,1,1,0,1,0,0,0,0,1,0,0,0,0
honda,amaze,diesel,50000,54098,1,1,1,0,1,0,0,0,0,1,0,0,0,0
honda,amaze,diesel,50000,52345,1,1,1,0,1,0,0,0,0,1,0,0,0,0
honda,amaze,diesel,50000,51098,1,1,1,0,1,0,0,0,0,1,0,0,0,0
honda,amaze,diesel,50000,52342,1,1,1,0,1,0,0,0,0,1,0,0,0,0
honda,amaze,diesel,50000,51098,1,1,1,0,1,0,0,0,0,1,0,0,0,0
honda,amaze,diesel,50000,51231,1,1,1,0,1,0,0,0,0,1,0,0,0,0
honda,amaze,diesel,50000,50987,1,1,1,0,1,0,0,0,0,1,0,0,0,0
honda,amaze,diesel,50000,49878,1,1,1,0,0,0,0,0,0,1,0,0,0,0
honda,amaze,diesel,50000,50100,1,1,1,0,0,0,0,0,0,1,0,0,0,0
honda,amaze,diesel,60000,61580,1,1,1,0,0,1,1,0,1,0,1,0,0,0
honda,amaze,diesel,60000,60765,1,1,1,0,0,1,1,0,1,0,1,0,0,0
honda,amaze,diesel,60000,60272,1,1,1,0,0,1,1,0,1,0,1,0,0,0
honda,amaze,diesel,60000,60347,1,1,1,0,0,1,1,0,1,0,1,0,0,0
honda,amaze,diesel,60000,60322,1,1,1,0,0,1,1,0,1,0,1,0,0,0
honda,amaze,diesel,60000,60347,1,1,1,0,0,1,1,0,1,0,1,0,0,0
honda,amaze,diesel,60000,60473,1,1,1,0,0,1,1,0,1,0,1,0,0,0
honda,amaze,diesel,60000,61009,1,1,1,0,0,1,1,0,1,0,1,0,0,0
honda,amaze,diesel,60000,59498,1,1,1,0,0,1,1,0,1,0,1,0,0,0
honda,amaze,diesel,60000,57976,1,1,1,0,0,1,1,0,1,0,1,0,0,0
honda,amaze,diesel,60000,55789,1,1,1,0,0,1,1,0,1,0,1,0,0,0
honda,amaze,diesel,60000,61075,1,1,1,0,0,1,1,0,1,0,1,0,0,0
honda,amaze,diesel,60000,66098,1,1,1,0,0,1,1,0,1,0,1,0,0,0
honda,amaze,diesel,60000,60975,1,1,1,0,0,1,1,0,1,0,1,0,0,0
honda,amaze,diesel,60000,56094,1,1,1,0,0,1,1,0,1,0,1,0,0,0
honda,amaze,diesel,60000,54986,1,1,1,0,0,1,1,0,1,0,1,0,0,0
honda,amaze,diesel,60000,58342,1,1,1,0,0,1,1,0,1,0,1,0,0,0
honda,amaze,diesel,60000,58098,1,1,1,0,0,1,1,0,1,0,1,0,0,0
honda,amaze,diesel,60000,65093,1,1,1,0,0,1,1,0,1,0,1,0,0,0
honda,amaze,diesel,60000,60347,1,1,1,0,0,1,1,0,1,0,1,0,0,0
honda,amaze,diesel,60000,61372,1,1,1,0,0,1,1,0,1,0,1,0,0,0
honda,amaze,diesel,60000,60437,1,1,1,0,0,1,1,0,1,0,1,0,0,0
honda,amaze,diesel,70000,70262,1,1,1,0,1,0,0,0,1,1,1,1,0,0
honda,amaze,diesel,70000,70373,1,1,1,0,1,0,0,0,1,1,1,1,0,0
honda,amaze,diesel,70000,70764,1,1,1,0,1,0,0,0,1,1,1,1,0,0
honda,amaze,diesel,70000,70384,1,1,1,0,1,0,0,0,0,1,0,1,0,0
honda,amaze,diesel,70000,70976,1,1,1,0,1,0,0,0,0,1,0,1,0,0
honda,amaze,diesel,70000,71253,1,1,1,0,1,0,0,0,0,1,0,1,0,0
honda,amaze,diesel,70000,70311,1,1,1,0,1,0,0,0,0,1,0,1,0,0
honda,amaze,diesel,70000,70789,1,1,1,0,1,0,0,0,0,1,0,1,0,0
honda,amaze,diesel,70000,70098,1,1,1,0,1,0,0,0,0,1,0,1,0,0
honda,amaze,diesel,70000,69432,1,1,1,0,1,0,0,0,0,1,0,1,0,0
honda,amaze,diesel,70000,70894,1,1,1,0,1,0,0,0,0,1,0,1,0,0
honda,amaze,diesel,70000,70753,1,1,1,0,1,0,0,0,0,1,0,1,0,0
honda,amaze,diesel,70000,70756,1,1,1,0,1,0,0,0,0,1,0,1,0,0
honda,amaze,diesel,70000,70890,1,1,1,0,1,0,0,0,0,1,0,1,0,0
honda,amaze,diesel,70000,70473,1,1,1,0,1,0,0,0,0,1,0,1,0,0
honda,amaze,diesel,70000,70985,1,1,1,0,1,0,0,0,0,1,0,1,0,0
honda,amaze,diesel,70000,70342,1,1,1,0,1,0,0,0,0,1,0,1,1,1
honda,amaze,diesel,70000,70033,1,1,1,0,1,0,0,0,0,1,0,1,1,0
honda,amaze,diesel,70000,70653,1,1,1,0,1,0,0,0,0,1,0,1,1,1
honda,amaze,diesel,70000,70373,1,1,1,0,1,0,0,0,0,1,0,1,1,0
honda,amaze,diesel,80000,82238,1,1,1,0,0,1,1,0,0,0,0,0,0,0
honda,amaze,diesel,80000,89843,1,1,1,0,0,1,1,0,0,0,0,0,0,0
honda,amaze,diesel,80000,85347,1,1,1,0,0,1,1,0,0,0,0,0,0,0
honda,amaze,diesel,80000,82782,1,1,1,0,0,1,1,0,0,0,0,0,0,0
honda,amaze,diesel,80000,80238,1,1,1,0,0,1,1,0,0,0,0,0,0,0
honda,amaze,diesel,80000,88236,1,1,1,0,0,1,1,0,0,0,0,0,0,0
honda,amaze,diesel,80000,86235,1,1,1,0,0,1,1,0,0,0,0,0,0,0
honda,amaze,diesel,100000,117842,1,1,1,0,0,0,0,0,1,0,1,0,0,1
honda,amaze,diesel,100000,103282,1,1,1,0,0,0,0,0,1,0,1,0,0,1
honda,amaze,diesel,100000,102392,1,1,1,0,0,0,0,0,1,0,1,0,0,1
honda,amaze,diesel,100000,112722,1,1,1,0,0,0,0,0,1,0,1,0,0,1
honda,amaze,diesel,100000,90327,1,1,1,0,1,0,0,0,0,1,0,0,0,0
honda,amaze,diesel,100000,90272,1,1,1,0,1,0,0,0,0,1,0,0,0,1
honda,amaze,diesel,100000,90322,1,1,1,0,1,0,0,0,0,1,0,0,0,1
honda,amaze,diesel,100000,90998,1,1,1,0,1,0,0,0,0,1,0,0,0,0
honda,amaze,petrol,10000,10327,1,1,0,0,1,0,0,0,0,0,0,0,0,0
honda,amaze,petrol,10000,10469,1,1,0,0,1,0,0,0,0,0,0,0,0,0
honda,amaze,petrol,10000,10548,1,1,0,0,0,0,0,0,0,0,0,0,0,0
honda,amaze,petrol,10000,10639,1,1,0,0,0,0,0,0,0,0,0,0,0,0
honda,amaze,petrol,10000,10341,1,1,0,0,0,0,0,0,0,0,0,0,0,0
honda,amaze,petrol,10000,10534,1,1,0,0,0,0,0,0,0,0,0,0,0,0
honda,amaze,petrol,10000,10231,1,1,0,0,1,0,0,0,0,0,0,0,0,0
honda,amaze,petrol,10000,10659,1,1,0,0,0,0,0,0,0,0,0,0,0,0
honda,amaze,petrol,10000,11236,1,1,0,0,0,0,0,0,0,0,0,0,0,0
honda,amaze,petrol,10000,10860,1,1,0,0,0,0,0,0,0,0,0,0,0,0
honda,amaze,petrol,10000,10457,1,1,0,0,0,0,0,0,0,0,0,0,0,0
honda,amaze,petrol,10000,11468,1,1,0,0,0,0,0,0,0,0,0,0,0,0
honda,amaze,petrol,10000,9075,1,1,0,0,0,0,0,0,0,0,0,0,0,0
honda,amaze,petrol,10000,10234,1,1,0,0,0,0,0,0,0,0,0,0,0,0
honda,amaze,petrol,10000,10647,1,1,0,0,1,0,0,0,0,0,0,0,0,0
honda,amaze,petrol,10000,9766,1,1,0,0,0,0,0,0,0,0,0,0,0,0
honda,amaze,petrol,10000,10647,1,1,1,0,0,0,0,0,0,0,0,0,0,0
honda,amaze,petrol,10000,10467,1,1,1,0,1,0,0,0,0,0,0,0,0,0
honda,amaze,petrol,10000,10654,1,1,1,0,1,0,0,0,0,0,0,0,0,0
honda,amaze,petrol,10000,11244,1,1,1,0,1,0,0,0,0,0,0,0,0,0
honda,amaze,petrol,10000,10326,1,1,1,0,0,0,0,0,0,0,0,0,0,0
honda,amaze,petrol,20000,20657,1,1,1,0,0,1,0,0,0,0,0,0,0,0
honda,amaze,petrol,20000,20732,1,1,1,0,0,1,0,0,0,0,0,0,0,0
honda,amaze,petrol,20000,20327,1,1,1,0,0,1,0,0,0,0,0,0,0,0
honda,amaze,petrol,20000,20474,1,1,1,0,0,1,0,0,0,0,0,0,0,0
honda,amaze,petrol,20000,20473,1,1,1,0,0,1,0,0,0,0,0,0,0,0
honda,amaze,petrol,20000,20436,1,1,1,0,0,1,0,0,0,0,0,0,0,0
honda,amaze,petrol,20000,20859,1,1,1,0,0,1,0,0,0,0,0,0,0,0
honda,amaze,petrol,20000,20908,1,1,1,0,0,1,0,0,0,0,0,0,0,0
honda,amaze,petrol,20000,21382,1,1,1,0,0,1,0,0,0,0,0,0,0,0
honda,amaze,petrol,20000,19732,1,1,1,0,0,1,0,0,0,0,0,0,0,0
honda,amaze,petrol,20000,20823,1,1,1,0,1,1,0,0,0,0,0,0,0,0
honda,amaze,petrol,20000,20373,1,1,1,0,1,1,0,0,0,0,0,0,0,0
honda,amaze,petrol,20000,20472,1,1,1,0,1,1,0,0,0,0,0,0,0,0
honda,amaze,petrol,20000,19236,1,1,1,0,1,1,0,0,0,0,0,0,0,0
honda,amaze,petrol,20000,20274,1,1,1,0,0,1,0,0,0,0,0,0,0,0
honda,amaze,petrol,20000,20769,1,1,1,0,0,1,0,0,0,0,0,0,0,0
honda,amaze,petrol,20000,20579,1,1,1,0,1,1,0,0,0,0,0,0,0,0
honda,amaze,petrol,20000,21732,1,1,1,0,0,1,0,0,0,0,0,0,0,0
honda,amaze,petrol,20000,20437,1,1,1,0,0,1,0,0,0,0,0,0,0,0
honda,amaze,petrol,20000,20756,1,1,1,0,0,1,0,0,0,0,0,0,0,0
honda,amaze,petrol,30000,30832,1,1,1,0,0,0,1,0,0,0,0,0,0,0
honda,amaze,petrol,30000,30272,1,1,1,0,0,0,1,0,0,0,0,0,0,0
honda,amaze,petrol,30000,30597,1,1,1,0,0,0,1,0,0,0,0,0,0,0
honda,amaze,petrol,30000,31820,1,1,1,0,0,0,1,0,0,0,0,0,0,0
honda,amaze,petrol,30000,30317,1,1,1,0,0,0,1,0,0,0,0,0,0,0
honda,amaze,petrol,30000,30328,1,1,1,0,0,0,1,0,0,0,0,0,0,0
honda,amaze,petrol,30000,30372,1,1,1,0,0,0,1,0,0,0,0,0,0,0
honda,amaze,petrol,30000,29633,1,1,1,0,0,0,1,0,0,0,0,0,0,0
honda,amaze,petrol,30000,30286,1,1,1,0,0,0,1,0,0,0,0,0,0,0
honda,amaze,petrol,30000,30382,1,1,1,0,0,0,1,0,0,0,0,0,0,0
honda,amaze,petrol,30000,30211,1,1,1,0,0,0,1,0,0,0,0,0,0,0
honda,amaze,petrol,30000,30742,1,1,1,0,0,0,1,0,0,0,0,0,0,0
honda,amaze,petrol,30000,30986,1,1,1,0,0,0,1,0,0,0,0,0,0,0
honda,amaze,petrol,30000,30238,1,1,1,0,0,0,1,0,0,0,0,0,0,0
honda,amaze,petrol,30000,30328,1,1,1,0,0,0,1,0,0,0,0,0,0,0
honda,amaze,petrol,30000,30248,1,1,1,0,0,0,1,0,0,0,0,0,0,0
honda,amaze,petrol,30000,31722,1,1,1,0,0,0,1,0,0,0,0,0,0,0
honda,amaze,petrol,30000,30827,1,1,1,0,0,0,1,0,0,0,0,0,0,0
honda,amaze,petrol,30000,30238,1,1,1,0,0,0,1,0,0,0,0,0,0,0
honda,amaze,petrol,30000,30278,1,1,1,0,0,0,1,0,0,0,0,0,0,0
honda,amaze,petrol,40000,40279,1,1,1,0,0,1,0,1,0,1,0,0,0,0
honda,amaze,petrol,40000,40379,1,1,1,0,0,1,0,1,0,1,0,0,0,0
honda,amaze,petrol,40000,42082,1,1,1,0,0,1,0,1,0,1,0,0,0,0
honda,amaze,petrol,40000,40272,1,1,1,0,0,1,0,1,0,1,0,0,0,0
honda,amaze,petrol,40000,40733,1,1,1,0,0,1,0,1,0,1,0,0,0,0
honda,amaze,petrol,40000,41382,1,1,1,0,0,1,0,1,0,1,0,0,0,0
honda,amaze,petrol,40000,40289,1,1,1,0,0,1,0,1,0,1,0,0,0,0
honda,amaze,petrol,40000,39236,1,1,1,0,0,1,0,1,0,1,0,0,0,0
honda,amaze,petrol,40000,40722,1,1,1,0,0,1,0,1,0,1,0,0,0,0
honda,amaze,petrol,40000,40283,1,1,1,0,0,1,0,1,0,1,0,0,0,0
honda,amaze,petrol,40000,40287,1,1,1,0,0,1,0,1,0,1,0,0,0,0
honda,amaze,petrol,40000,39723,1,1,1,0,0,1,0,1,0,1,0,0,0,0
honda,amaze,petrol,40000,41372,1,1,1,0,0,1,0,1,0,1,0,0,0,0
honda,amaze,petrol,40000,40427,1,1,1,0,0,1,0,1,0,1,0,0,0,0
honda,amaze,petrol,40000,40282,1,1,1,0,0,1,0,1,0,1,0,0,0,0
honda,amaze,petrol,40000,40797,1,1,1,0,0,1,0,1,0,1,0,0,0,0
honda,amaze,petrol,40000,40775,1,1,1,0,0,1,0,1,0,1,0,0,0,0
honda,amaze,petrol,40000,40487,1,1,1,0,0,1,0,1,0,1,0,0,0,0
honda,amaze,petrol,40000,40795,1,1,1,0,0,1,0,1,0,1,0,0,0,0
honda,amaze,petrol,40000,40479,1,1,1,0,0,1,0,1,0,1,0,0,0,0
honda,amaze,petrol,50000,50392,1,1,1,0,0,0,0,0,0,0,0,0,0,0
honda,amaze,petrol,50000,52100,1,1,1,0,0,0,0,0,0,0,0,0,0,0
honda,amaze,petrol,50000,51023,1,1,1,0,0,0,0,0,0,0,0,0,0,0
honda,amaze,petrol,50000,53909,1,1,1,0,0,0,0,0,0,0,0,0,0,0
honda,amaze,petrol,50000,54098,1,1,1,0,0,0,0,0,0,0,0,0,0,0
honda,amaze,petrol,50000,50438,1,1,1,0,0,0,0,0,0,0,0,0,0,0
honda,amaze,petrol,50000,51832,1,1,1,0,0,0,0,0,0,0,0,0,0,0
honda,amaze,petrol,50000,49732,1,1,1,0,0,0,0,0,0,0,0,0,0,0
honda,amaze,petrol,50000,49028,1,1,1,0,0,0,0,0,0,0,0,1,0,0
honda,amaze,petrol,50000,50373,1,1,1,0,0,0,0,0,0,0,0,1,0,0
honda,amaze,petrol,50000,50342,1,1,1,0,0,0,0,0,0,0,0,1,0,0
honda,amaze,petrol,50000,50384,1,1,1,0,0,0,0,0,0,0,0,1,0,0
honda,amaze,petrol,50000,50878,1,1,1,0,0,0,0,0,0,0,0,1,0,0
honda,amaze,petrol,50000,50754,1,1,1,0,0,0,0,0,0,0,0,1,0,0
honda,amaze,petrol,50000,51437,1,1,1,0,0,0,0,0,0,0,0,1,0,0
honda,amaze,petrol,50000,50347,1,1,1,0,1,0,0,0,0,0,0,1,0,0
honda,amaze,petrol,50000,50354,1,1,1,0,1,0,0,0,0,0,0,1,0,0
honda,amaze,petrol,50000,50578,1,1,1,0,0,0,0,0,0,0,0,1,0,0
honda,amaze,petrol,50000,50896,1,1,1,0,1,0,0,0,0,0,0,1,0,0
honda,amaze,petrol,50000,50373,1,1,1,0,0,0,0,0,0,0,0,1,0,0
honda,amaze,petrol,60000,60292,1,1,1,0,0,1,0,0,1,0,1,1,1,0
honda,amaze,petrol,60000,60383,1,1,1,0,0,1,0,0,1,0,1,1,1,0
honda,amaze,petrol,60000,60437,1,1,1,0,0,1,0,0,1,0,1,1,1,0
honda,amaze,petrol,60000,60232,1,1,1,0,0,1,0,0,1,0,1,1,1,0
honda,amaze,petrol,60000,60383,1,1,1,0,0,1,0,0,1,0,1,1,1,0
honda,amaze,petrol,60000,60332,1,1,1,0,0,1,0,0,1,0,1,1,1,0
honda,amaze,petrol,60000,60427,1,1,1,0,0,1,0,0,1,0,1,1,1,0
honda,amaze,petrol,60000,60349,1,1,1,0,0,1,0,0,1,0,1,1,1,0
honda,amaze,petrol,60000,60374,1,1,1,0,0,1,0,0,1,0,1,0,1,0
honda,amaze,petrol,60000,60694,1,1,1,0,0,1,0,0,1,0,1,0,1,0
honda,amaze,petrol,60000,61379,1,1,1,0,0,1,0,0,1,0,1,0,1,0
honda,amaze,petrol,60000,59262,1,1,1,0,0,1,0,0,1,0,1,0,1,0
honda,amaze,petrol,60000,60347,1,1,1,0,0,1,0,0,1,0,1,0,1,0
honda,amaze,petrol,60000,60544,1,1,1,0,0,1,0,0,1,0,1,0,1,0
honda,amaze,petrol,60000,61322,1,1,1,0,0,1,0,0,1,0,1,0,1,0
honda,amaze,petrol,60000,60548,1,1,1,0,0,1,1,0,1,0,1,0,1,0
honda,amaze,petrol,60000,62289,1,1,1,0,0,1,1,0,1,0,1,0,1,0
honda,amaze,petrol,60000,60343,1,1,1,0,0,1,1,0,1,0,1,0,1,0
honda,amaze,petrol,60000,60437,1,1,1,0,0,1,1,0,1,0,1,0,1,0
honda,amaze,petrol,60000,60353,1,1,1,0,0,1,0,0,1,0,1,0,1,0
honda,amaze,petrol,70000,70347,1,1,1,0,0,0,0,0,0,0,0,0,0,0
honda,amaze,petrol,70000,70547,1,1,1,0,1,0,0,0,0,0,0,0,0,0
honda,amaze,petrol,70000,70483,1,1,1,0,1,0,0,0,0,0,0,0,0,0
honda,amaze,petrol,70000,70785,1,1,1,0,1,0,0,0,0,0,0,0,0,0
honda,amaze,petrol,70000,71032,1,1,1,0,1,0,0,0,0,0,0,0,0,0
honda,amaze,petrol,70000,71372,1,1,1,0,1,0,0,0,0,0,0,0,0,0
honda,amaze,petrol,70000,70321,1,1,1,0,1,0,0,0,0,0,0,0,0,0
honda,amaze,petrol,70000,70232,1,1,1,0,1,0,0,0,0,0,0,0,0,0
honda,amaze,petrol,70000,69322,1,1,1,0,1,0,0,0,0,0,0,0,0,0
honda,amaze,petrol,70000,70237,1,1,1,0,1,0,0,0,0,0,0,0,0,0
honda,amaze,petrol,70000,70327,1,1,1,0,0,0,0,0,0,0,0,0,0,0
honda,amaze,petrol,70000,71326,1,1,1,0,0,0,0,0,0,0,0,0,0,0
honda,amaze,petrol,70000,70237,1,1,1,0,0,0,0,0,0,0,0,0,0,0
honda,amaze,petrol,70000,70895,1,1,1,0,0,0,0,0,0,0,0,0,0,0
honda,amaze,petrol,70000,69923,1,1,1,0,0,0,0,0,0,0,0,0,0,0
honda,amaze,petrol,70000,69090,1,1,1,0,0,0,0,1,0,1,0,0,0,0
honda,amaze,petrol,70000,70327,1,1,1,0,0,0,0,1,0,1,0,0,0,0
honda,amaze,petrol,70000,70328,1,1,1,0,0,0,0,1,0,1,0,0,0,0
honda,amaze,petrol,70000,70685,1,1,1,0,0,0,0,1,0,0,0,0,0,0
honda,amaze,petrol,70000,70745,1,1,1,0,0,0,0,0,0,0,0,0,0,0
honda,amaze,petrol,80000,82028,1,1,1,0,0,1,1,1,0,0,0,0,0,0
honda,amaze,petrol,80000,84722,1,1,1,0,0,1,1,1,0,0,0,0,0,0
honda,amaze,petrol,80000,88431,1,1,1,0,0,1,1,1,0,0,0,0,0,0
honda,amaze,petrol,80000,86222,1,1,1,0,0,1,1,1,0,0,0,0,0,0
honda,amaze,petrol,80000,89233,1,1,1,0,0,1,1,1,0,1,0,0,0,0
honda,amaze,petrol,80000,81362,1,1,1,0,0,1,1,1,0,1,0,0,0,0
honda,amaze,petrol,80000,89237,1,1,1,0,0,1,1,1,0,0,0,0,0,0
honda,amaze,petrol,80000,85322,1,1,1,0,0,1,1,1,0,0,0,0,0,0
honda,amaze,petrol,80000,83842,1,1,1,0,0,1,1,1,0,0,0,0,0,0
honda,amaze,petrol,80000,87322,1,1,1,0,0,1,1,1,0,0,0,0,0,0
honda,amaze,petrol,80000,80469,1,1,1,0,0,1,1,1,0,0,0,0,0,0
honda,amaze,petrol,100000,103723,1,1,1,0,0,1,0,0,1,0,1,0,0,0
honda,amaze,petrol,100000,113244,1,1,1,0,0,0,0,0,1,0,1,0,0,0
honda,amaze,petrol,100000,127229,1,1,1,0,0,0,0,0,1,0,1,0,0,0
honda,amaze,petrol,100000,109931,1,1,1,0,0,0,0,0,0,0,1,0,0,0
honda,amaze,petrol,100000,90327,1,1,1,0,0,0,0,0,0,0,0,0,1,0
honda,amaze,petrol,100000,99323,1,1,1,0,0,0,0,0,0,0,0,0,0,0
honda,amaze,petrol,100000,93642,1,1,1,0,0,0,0,0,0,0,0,0,0,0
honda,amaze,petrol,100000,96482,1,1,1,0,0,0,0,0,0,0,0,0,0,0
honda,jazz,diesel,10000,10923,1,1,1,0,0,0,0,0,0,0,0,0,0,0
honda,jazz,diesel,10000,10438,1,1,1,0,0,0,0,0,0,0,0,0,0,0
honda,jazz,diesel,10000,11004,1,1,1,0,0,0,0,0,0,0,0,0,0,0
honda,jazz,diesel,10000,10078,1,1,1,0,0,0,0,0,0,0,0,0,0,0
honda,jazz,diesel,10000,12001,1,1,1,0,0,0,0,0,0,0,0,0,0,0
honda,jazz,diesel,10000,10003,1,1,1,0,0,0,0,0,0,0,0,0,0,0
honda,jazz,diesel,10000,9800,1,1,1,0,0,0,0,0,0,0,0,0,0,0
honda,jazz,diesel,10000,10302,1,1,1,0,0,0,0,0,0,0,0,0,0,0
honda,jazz,diesel,10000,10288,1,1,1,0,0,0,0,0,0,0,0,0,0,0
honda,jazz,diesel,10000,10003,1,1,1,0,0,0,0,0,0,0,0,0,0,0
honda,jazz,diesel,10000,10200,1,1,1,0,0,0,0,0,0,0,0,0,0,0
honda,jazz,diesel,10000,11328,1,1,1,0,0,0,0,0,0,0,0,0,0,0
honda,jazz,diesel,10000,10327,1,1,1,0,0,0,0,0,0,0,0,0,0,0
honda,jazz,diesel,10000,10374,1,1,1,0,0,0,0,0,0,0,0,0,0,0
honda,jazz,diesel,10000,10211,1,1,1,0,0,0,0,0,0,0,0,0,0,0
honda,jazz,diesel,10000,10232,1,1,1,0,0,0,0,0,0,0,0,0,0,0
honda,jazz,diesel,10000,10978,1,1,1,0,0,0,0,0,0,0,0,0,0,0
honda,jazz,diesel,10000,10759,1,1,1,0,0,0,0,0,0,0,0,0,0,0
honda,jazz,diesel,10000,10659,1,1,1,0,0,0,0,0,0,0,0,0,0,0
honda,jazz,diesel,10000,9038,1,1,1,0,0,0,0,0,0,0,0,0,0,0
honda,jazz,diesel,10000,9021,1,1,1,0,1,0,0,0,0,0,0,0,0,0
honda,jazz,diesel,20000,20978,1,1,1,0,1,0,0,0,0,0,0,0,0,0
honda,jazz,diesel,20000,20908,1,1,1,1,1,1,1,0,0,0,0,0,0,0
honda,jazz,diesel,20000,21382,1,1,1,1,1,1,1,0,0,0,0,0,0,0
honda,jazz,diesel,20000,19732,1,1,1,1,1,1,1,0,0,0,0,0,0,0
honda,jazz,diesel,20000,20823,1,1,1,1,1,1,1,0,0,0,0,0,0,0
honda,jazz,diesel,20000,20373,1,1,1,1,1,1,1,0,0,0,0,0,0,0
honda,jazz,diesel,20000,20472,1,1,1,1,1,1,1,0,0,0,0,0,0,0
honda,jazz,diesel,20000,19236,1,1,1,1,1,1,1,0,0,0,0,0,0,0
honda,jazz,diesel,20000,20274,1,1,1,1,1,1,1,0,0,0,0,0,0,0
honda,jazz,diesel,20000,20768,1,1,1,1,1,1,1,0,0,0,0,0,0,0
honda,jazz,diesel,20000,21867,1,1,1,1,1,1,1,0,0,0,0,0,0,0
honda,jazz,diesel,20000,21688,1,1,1,1,1,1,1,0,0,0,0,0,0,0
honda,jazz,diesel,20000,20766,1,1,1,1,1,1,1,0,0,0,0,0,0,0
honda,jazz,diesel,20000,20987,1,1,1,1,1,1,1,0,0,0,0,0,0,0
honda,jazz,diesel,20000,20243,1,1,1,1,1,1,1,0,0,0,0,0,0,0
honda,jazz,diesel,20000,20657,1,1,1,1,1,1,1,0,0,0,0,0,0,0
honda,jazz,diesel,20000,20124,1,1,1,1,1,1,1,0,0,0,0,0,0,0
honda,jazz,diesel,20000,20870,1,1,1,1,1,1,1,0,0,0,0,0,0,0
honda,jazz,diesel,20000,19076,1,1,1,1,1,1,1,0,0,0,0,0,0,0
honda,jazz,diesel,20000,20475,1,1,1,1,1,1,1,0,0,0,0,0,0,0
honda,jazz,diesel,30000,30867,1,1,1,0,0,0,0,0,0,0,0,0,0,0
honda,jazz,diesel,30000,31820,1,1,1,0,0,0,0,0,0,0,0,0,0,0
honda,jazz,diesel,30000,30317,1,1,1,0,0,0,0,0,0,0,0,0,0,0
honda,jazz,diesel,30000,30328,1,1,1,0,0,0,0,0,0,0,0,0,0,0
honda,jazz,diesel,30000,30372,1,1,1,0,0,0,0,0,0,0,0,0,0,0
honda,jazz,diesel,30000,29633,1,1,1,0,0,0,0,0,0,0,0,0,0,0
honda,jazz,diesel,30000,30286,1,1,1,0,0,0,0,0,0,0,0,0,0,0
honda,jazz,diesel,30000,30382,1,1,1,0,0,0,0,0,0,0,0,0,0,0
honda,jazz,diesel,30000,30211,1,1,1,0,0,0,0,0,0,0,0,0,0,0
honda,jazz,diesel,30000,30783,1,1,1,0,0,0,0,0,0,0,0,0,0,0
honda,jazz,diesel,30000,30463,1,1,1,0,0,0,0,0,0,0,0,0,0,0
honda,jazz,diesel,30000,30463,1,1,1,0,0,0,0,0,0,0,0,0,0,0
honda,jazz,diesel,30000,29625,1,1,1,0,0,0,0,0,0,0,0,0,0,0
honda,jazz,diesel,30000,31833,1,1,1,0,0,0,0,0,0,0,0,0,0,0
honda,jazz,diesel,30000,30172,1,1,1,0,0,0,0,0,0,0,0,0,0,0
honda,jazz,diesel,30000,30132,1,1,1,0,0,0,0,0,0,0,0,0,0,0
honda,jazz,diesel,30000,30342,1,1,1,0,0,0,0,0,0,0,0,0,0,0
honda,jazz,diesel,30000,30435,1,1,1,0,0,0,0,0,0,0,0,0,0,0
honda,jazz,diesel,30000,30980,1,1,1,0,0,0,0,0,0,0,0,0,0,0
honda,jazz,diesel,30000,30437,1,1,1,0,0,0,0,0,0,0,0,0,0,0
honda,jazz,diesel,30000,30766,1,1,1,0,0,0,0,0,0,0,0,0,0,0
honda,jazz,diesel,30000,30647,1,1,1,0,0,0,0,0,0,0,0,0,0,0
honda,jazz,diesel,30000,30142,1,1,1,0,0,0,0,0,0,0,0,0,0,0
honda,jazz,diesel,30000,30544,1,1,1,0,0,0,0,0,0,0,0,0,0,0
honda,jazz,diesel,30000,31243,1,1,1,0,0,0,0,0,0,0,0,0,0,0
honda,jazz,diesel,30000,32292,1,1,1,0,0,0,0,0,0,0,0,0,0,0
honda,jazz,diesel,30000,30438,1,1,1,0,0,0,0,0,0,0,0,0,0,0
honda,jazz,diesel,30000,30897,1,1,1,0,0,0,0,0,0,0,0,0,0,0
honda,jazz,diesel,30000,30573,1,1,1,0,0,0,0,0,0,0,0,0,0,0
honda,jazz,diesel,30000,29473,1,1,1,0,0,0,0,0,0,0,0,0,0,0
honda,jazz,diesel,30000,30437,1,1,1,0,0,0,0,0,0,0,0,0,0,0
honda,jazz,diesel,30000,30987,1,1,1,0,0,0,0,0,0,0,0,0,0,0
honda,jazz,diesel,30000,30909,1,1,1,0,0,0,0,0,0,0,0,0,0,0
honda,jazz,diesel,30000,30829,1,1,1,0,0,0,0,0,0,0,0,0,0,0
honda,jazz,diesel,30000,30121,1,1,1,0,0,0,0,0,0,0,0,0,0,0
honda,jazz,diesel,30000,30980,1,1,1,0,0,0,0,0,0,0,0,0,0,0
honda,jazz,diesel,30000,30012,1,1,1,0,0,0,0,0,0,0,0,0,0,0
honda,jazz,diesel,30000,30282,1,1,1,0,0,0,0,0,0,0,0,0,0,0
honda,jazz,diesel,30000,30382,1,1,1,0,0,0,0,0,0,0,0,0,0,0
honda,jazz,diesel,30000,30238,1,1,1,0,0,0,0,0,0,0,0,0,0,0
honda,jazz,diesel,40000,40976,1,1,1,1,0,1,1,0,0,0,0,1,0,0
honda,jazz,diesel,40000,40733,1,1,1,1,0,1,1,0,0,0,0,1,0,0
honda,jazz,diesel,40000,41382,1,1,1,1,1,1,1,0,0,0,0,1,0,0
honda,jazz,diesel,40000,40289,1,1,1,1,1,1,1,0,0,0,0,1,0,0
honda,jazz,diesel,40000,39236,1,1,1,1,1,1,1,0,0,0,0,1,0,0
honda,jazz,diesel,40000,40722,1,1,1,1,1,1,1,0,0,0,0,1,0,0
honda,jazz,diesel,40000,40283,1,1,1,1,1,1,1,0,0,0,0,1,0,0
honda,jazz,diesel,40000,40287,1,1,1,1,1,1,1,0,0,0,0,1,0,0
honda,jazz,diesel,40000,39723,1,1,1,1,1,1,1,0,0,0,0,1,0,0
honda,jazz,diesel,40000,41372,1,1,1,1,1,1,1,0,0,0,0,1,0,0
honda,jazz,diesel,40000,40282,1,1,1,1,1,1,1,0,0,0,0,1,0,0
honda,jazz,diesel,40000,40483,1,1,1,1,1,1,1,0,0,0,0,1,0,0
honda,jazz,diesel,40000,40984,1,1,1,1,1,1,1,0,0,0,0,1,0,0
honda,jazz,diesel,40000,40932,1,1,1,1,1,1,1,0,0,0,0,1,0,0
honda,jazz,diesel,40000,40282,1,1,1,1,1,1,1,0,0,0,0,1,0,0
honda,jazz,diesel,40000,40221,1,1,1,1,1,1,1,0,0,0,0,1,0,0
honda,jazz,diesel,40000,40899,1,1,1,1,1,1,1,0,0,0,0,1,0,0
honda,jazz,diesel,40000,40382,1,1,1,1,1,1,1,0,0,0,0,1,0,0
honda,jazz,diesel,40000,39023,1,1,1,1,1,1,1,0,0,0,0,1,0,0
honda,jazz,diesel,40000,41383,1,1,1,1,1,1,1,0,0,0,0,1,0,0
honda,jazz,diesel,50000,50978,1,1,1,0,1,0,0,0,0,0,0,0,0,0
honda,jazz,diesel,50000,50722,1,1,1,0,0,0,0,0,0,0,0,0,0,0
honda,jazz,diesel,50000,50236,1,1,1,0,0,0,0,0,0,0,0,0,0,0
honda,jazz,diesel,50000,50673,1,1,1,0,0,0,0,0,0,0,0,0,0,0
honda,jazz,diesel,50000,50892,1,1,1,0,0,0,0,0,0,0,0,0,0,0
honda,jazz,diesel,50000,51427,1,1,1,0,0,0,0,0,0,0,0,0,0,0
honda,jazz,diesel,50000,50237,1,1,1,0,0,0,0,0,0,0,0,0,0,0
honda,jazz,diesel,50000,49622,1,1,1,0,0,0,0,0,0,0,0,0,0,0
honda,jazz,diesel,50000,49263,1,1,1,0,0,0,0,0,0,0,0,0,0,0
honda,jazz,diesel,50000,50268,1,1,1,0,0,0,0,0,0,0,0,0,0,0
honda,jazz,diesel,50000,51452,1,1,1,0,0,0,0,0,0,0,0,0,0,0
honda,jazz,diesel,50000,50348,1,1,1,0,0,0,0,0,0,0,0,0,0,0
honda,jazz,diesel,50000,50888,1,1,1,0,0,0,0,0,0,0,0,0,0,0
honda,jazz,diesel,50000,50232,1,1,1,0,0,0,0,0,0,0,0,0,0,0
honda,jazz,diesel,50000,50900,1,1,1,0,0,0,0,0,0,0,0,0,0,0
honda,jazz,diesel,50000,50322,1,1,1,0,0,0,0,0,0,0,0,0,0,0
honda,jazz,diesel,50000,50348,1,1,1,0,0,0,0,0,0,0,0,0,0,0
honda,jazz,diesel,50000,50922,1,1,1,0,0,0,0,0,0,0,0,0,0,0
honda,jazz,diesel,50000,50379,1,1,1,0,0,0,0,0,0,0,0,0,0,0
honda,jazz,diesel,50000,50242,1,1,1,0,0,0,0,0,0,0,0,0,0,0
honda,jazz,diesel,60000,60987,1,1,1,1,0,1,1,0,1,0,1,0,1,0
honda,jazz,diesel,60000,60383,1,1,1,1,0,1,1,0,1,0,1,1,1,0
honda,jazz,diesel,60000,60332,1,1,1,1,0,1,1,0,1,0,1,0,1,0
honda,jazz,diesel,60000,60427,1,1,1,1,0,1,1,0,1,0,1,1,1,0
honda,jazz,diesel,60000,60349,1,1,1,1,0,1,1,0,1,0,1,0,1,0
honda,jazz,diesel,60000,60374,1,1,1,1,1,1,1,0,1,0,1,0,1,0
honda,jazz,diesel,60000,59993,1,1,1,1,1,1,1,0,1,0,1,0,1,0
honda,jazz,diesel,60000,61379,1,1,1,1,1,1,1,0,1,0,1,0,1,0
honda,jazz,diesel,60000,60342,1,1,1,1,1,1,1,0,1,0,1,0,1,0
honda,jazz,diesel,60000,60930,1,1,1,1,1,1,1,0,1,0,1,0,1,0
honda,jazz,diesel,60000,60432,1,1,1,1,1,1,1,0,1,0,1,0,1,0
honda,jazz,diesel,60000,60465,1,1,1,1,1,1,1,0,1,0,1,0,1,0
honda,jazz,diesel,60000,60765,1,1,1,1,1,1,1,0,1,0,1,0,1,0
honda,jazz,diesel,60000,59433,1,1,1,1,1,1,1,0,1,0,1,1,1,0
honda,jazz,diesel,60000,60875,1,1,1,1,1,1,1,0,1,0,1,1,1,0
honda,jazz,diesel,60000,60080,1,1,1,1,1,1,1,0,1,0,1,1,1,0
honda,jazz,diesel,60000,60909,1,1,1,1,1,1,1,0,1,0,1,1,1,0
honda,jazz,diesel,60000,60223,1,1,1,1,1,1,1,0,1,0,1,1,1,0
honda,jazz,diesel,60000,59343,1,1,1,1,1,1,1,0,1,0,1,0,1,0
honda,jazz,diesel,60000,60433,1,1,1,1,1,1,1,0,1,0,1,0,1,0
honda,jazz,diesel,70000,70435,1,1,1,0,1,0,0,0,1,0,1,0,0,0
honda,jazz,diesel,70000,70976,1,1,1,0,1,0,0,0,1,0,0,0,0,0
honda,jazz,diesel,70000,71253,1,1,1,0,1,0,0,0,1,0,0,0,0,0
honda,jazz,diesel,70000,70311,1,1,1,0,1,0,0,0,1,0,0,0,0,0
honda,jazz,diesel,70000,70789,1,1,1,0,1,0,0,0,1,0,0,0,0,0
honda,jazz,diesel,70000,70098,1,1,1,0,0,0,0,0,1,0,0,0,0,0
honda,jazz,diesel,70000,69432,1,1,1,0,0,0,0,0,1,0,0,0,0,0
honda,jazz,diesel,70000,70894,1,1,1,0,0,0,0,0,0,0,0,0,0,0
honda,jazz,diesel,70000,70753,1,1,1,0,0,0,0,0,0,0,0,0,0,0
honda,jazz,diesel,70000,70756,1,1,1,0,0,0,0,0,0,0,0,0,0,0
honda,jazz,diesel,70000,70432,1,1,1,0,0,0,0,0,0,0,0,0,0,0
honda,jazz,diesel,70000,69422,1,1,1,0,0,0,0,0,0,0,0,0,0,0
honda,jazz,diesel,70000,70438,1,1,1,0,0,0,0,0,0,0,0,0,0,0
honda,jazz,diesel,70000,70233,1,1,1,0,0,0,0,0,0,0,0,0,0,0
honda,jazz,diesel,70000,70499,1,1,1,0,0,0,0,0,0,0,0,0,0,0
honda,jazz,diesel,70000,70824,1,1,1,0,0,0,0,0,0,0,0,0,0,0
honda,jazz,diesel,70000,73283,1,1,1,0,1,0,0,0,0,0,0,0,0,0
honda,jazz,diesel,70000,71938,1,1,1,0,1,0,0,0,0,0,0,0,0,0
honda,jazz,diesel,70000,70438,1,1,1,0,1,0,0,0,0,0,0,0,0,0
honda,jazz,diesel,80000,82078,1,1,1,1,1,1,1,0,0,0,0,0,0,0
honda,jazz,diesel,80000,84473,1,1,1,1,0,1,1,0,0,0,0,0,0,0
honda,jazz,diesel,80000,85743,1,1,1,1,0,1,1,0,0,0,0,0,0,0
honda,jazz,diesel,80000,85739,1,1,1,1,0,1,1,0,0,0,0,0,0,0
honda,jazz,diesel,80000,86839,1,1,1,1,0,1,1,0,0,0,0,0,0,0
honda,jazz,diesel,80000,87347,1,1,1,1,0,1,1,0,0,0,0,0,0,0
honda,jazz,diesel,80000,88347,1,1,1,1,0,1,1,0,0,0,0,0,0,0
honda,jazz,diesel,80000,90382,1,1,1,0,0,0,0,0,0,0,0,0,0,0
honda,jazz,diesel,100000,99442,1,1,1,0,0,0,0,0,0,0,0,0,0,0
honda,jazz,diesel,100000,94632,1,1,1,0,0,0,0,0,0,0,0,0,0,0
honda,jazz,diesel,100000,93648,1,1,1,0,0,0,0,0,0,0,0,0,0,0
honda,jazz,diesel,100000,103382,1,1,1,0,1,0,0,0,0,0,0,0,0,0
honda,jazz,diesel,100000,118310,1,1,1,0,1,0,0,0,0,0,0,0,0,1
honda,jazz,diesel,100000,128320,1,1,1,0,1,0,0,0,0,0,0,0,0,1
honda,jazz,diesel,100000,103832,1,1,1,0,1,0,0,0,0,0,0,0,0,1
honda,jazz,diesel,100000,118292,1,1,1,0,1,0,0,0,0,0,0,0,0,1
honda,jazz,diesel,100000,121921,1,1,1,0,1,0,0,0,0,0,0,0,0,1
honda,jazz,diesel,100000,112833,1,1,1,0,1,0,0,0,0,0,0,0,0,1
honda,jazz,diesel,100000,103337,1,1,1,0,1,0,0,0,0,0,0,0,0,1
honda,jazz,diesel,100000,133892,1,1,1,0,0,0,0,0,0,0,0,0,0,1
honda,jazz,diesel,100000,103737,1,1,1,0,1,0,0,0,0,0,0,0,0,1
honda,city,petrol,10000,10022,1,1,1,0,1,0,0,0,0,0,0,0,0,0
honda,city,petrol,10000,10897,1,1,1,0,1,0,0,0,0,0,0,0,0,0
honda,city,petrol,10000,10732,1,1,1,0,0,0,0,0,0,0,0,0,0,0
honda,city,petrol,10000,10988,1,1,1,0,0,0,0,0,0,0,0,0,0,0
honda,city,petrol,10000,10321,1,1,1,0,0,0,0,0,0,0,0,0,0,0
honda,city,petrol,10000,10978,1,1,1,0,0,0,0,0,0,0,0,0,0,0
honda,city,petrol,10000,9032,1,1,1,0,1,0,0,0,0,0,0,0,0,0
honda,city,petrol,10000,10344,1,1,1,0,0,0,0,0,0,0,0,0,0,0
honda,city,petrol,10000,10654,1,1,1,0,0,0,0,0,0,0,0,0,0,0
honda,city,petrol,10000,11763,1,1,1,0,0,0,0,0,0,0,0,0,0,0
honda,city,petrol,10000,10893,1,1,1,0,0,0,0,0,0,0,0,0,0,0
honda,city,petrol,10000,10322,1,1,1,0,0,0,0,0,0,0,0,0,0,0
honda,city,petrol,10000,11345,1,1,1,0,0,0,0,0,0,0,0,0,0,0
honda,city,petrol,10000,9831,1,1,1,0,0,0,0,0,0,0,0,0,0,0
honda,city,petrol,10000,10238,1,1,1,0,1,0,0,0,0,0,0,0,0,0
honda,city,petrol,10000,10980,1,1,1,0,0,0,0,0,0,0,0,0,0,0
honda,city,petrol,10000,10326,1,1,1,0,0,0,0,0,0,0,0,0,0,0
honda,city,petrol,10000,10322,1,1,1,0,1,0,0,0,0,0,0,0,0,0
honda,city,petrol,10000,11753,1,1,1,0,1,0,0,0,0,0,0,0,0,0
honda,city,petrol,10000,10926,1,1,1,0,1,0,0,0,0,0,0,0,0,0
honda,city,petrol,20000,20785,1,1,1,1,0,0,0,0,0,0,0,0,0,0
honda,city,petrol,20000,20634,1,1,1,1,0,0,0,0,0,0,0,0,0,0
honda,city,petrol,20000,20924,1,1,1,1,0,0,0,0,0,0,0,0,0,0
honda,city,petrol,20000,20213,1,1,1,1,0,0,0,0,0,0,0,0,0,0
honda,city,petrol,20000,20132,1,1,1,1,0,0,0,0,0,0,0,0,0,0
honda,city,petrol,20000,20656,1,1,1,1,0,0,0,0,0,0,0,0,0,0
honda,city,petrol,20000,21865,1,1,1,1,0,0,0,0,0,0,0,0,0,0
honda,city,petrol,20000,20568,1,1,1,1,0,0,0,0,0,0,0,0,0,0
honda,city,petrol,20000,20432,1,1,1,1,0,0,0,0,0,0,0,0,0,0
honda,city,petrol,20000,19732,1,1,1,1,0,0,0,0,0,0,0,0,0,0
honda,city,petrol,20000,20632,1,1,1,1,0,0,0,0,0,0,0,0,0,0
honda,city,petrol,20000,20683,1,1,1,1,1,0,0,0,0,0,0,0,0,0
honda,city,petrol,20000,21623,1,1,1,1,1,0,0,0,0,0,0,0,0,0
honda,city,petrol,20000,20897,1,1,1,1,1,0,0,0,0,0,0,0,0,0
honda,city,petrol,20000,20077,1,1,1,1,1,0,0,0,0,0,0,0,0,0
honda,city,petrol,20000,19423,1,1,1,1,0,0,0,0,0,0,0,0,0,0
honda,city,petrol,20000,20863,1,1,1,1,0,0,0,0,0,0,0,0,0,0
honda,city,petrol,20000,20897,1,1,1,1,1,0,0,0,0,0,0,0,0,0
honda,city,petrol,20000,20432,1,1,1,1,0,0,0,0,0,0,0,0,0,0
honda,city,petrol,20000,20653,1,1,1,1,0,0,0,0,0,0,0,0,0,0
honda,city,petrol,30000,30765,1,1,1,0,0,1,0,0,0,0,0,0,0,0
honda,city,petrol,30000,30462,1,1,1,0,0,1,0,0,0,0,0,0,0,0
honda,city,petrol,30000,30004,1,1,1,0,0,1,0,0,0,0,0,0,0,0
honda,city,petrol,30000,30326,1,1,1,0,0,1,0,0,0,0,0,0,0,0
honda,city,petrol,30000,30897,1,1,1,0,0,1,0,0,0,0,0,0,0,0
honda,city,petrol,30000,30675,1,1,1,0,0,1,0,0,0,0,0,0,0,0
honda,city,petrol,30000,30612,1,1,1,0,0,1,0,0,0,0,0,0,0,0
honda,city,petrol,30000,31763,1,1,1,0,0,1,0,0,0,0,0,0,0,0
honda,city,petrol,30000,30980,1,1,1,0,0,1,0,0,0,0,0,0,0,0
honda,city,petrol,30000,30998,1,1,1,0,0,1,0,0,0,0,0,0,0,0
honda,city,petrol,30000,29234,1,1,1,0,0,1,0,0,0,0,0,0,0,0
honda,city,petrol,30000,30909,1,1,1,0,0,1,0,0,0,0,0,0,0,0
honda,city,petrol,30000,30522,1,1,1,0,0,1,0,0,0,0,0,0,0,0
honda,city,petrol,30000,30863,1,1,1,0,0,1,0,0,0,0,0,0,0,0
honda,city,petrol,30000,29837,1,1,1,0,0,1,0,0,0,0,0,0,0,0
honda,city,petrol,30000,31327,1,1,1,0,0,1,0,0,0,0,0,0,0,0
honda,city,petrol,30000,30743,1,1,1,0,0,1,0,0,0,0,0,0,0,0
honda,city,petrol,30000,30378,1,1,1,0,0,1,0,0,0,0,0,0,0,0
honda,city,petrol,30000,29624,1,1,1,0,0,1,0,0,0,0,0,0,0,0
honda,city,petrol,40000,40686,1,1,1,0,0,0,0,0,0,0,0,0,0,0
honda,city,petrol,40000,40326,1,1,1,1,0,0,0,0,0,0,0,0,0,0
honda,city,petrol,40000,40908,1,1,1,1,0,0,0,0,0,0,0,0,0,0
honda,city,petrol,40000,40311,1,1,1,1,0,0,0,0,0,0,0,0,0,0
honda,city,petrol,40000,39236,1,1,1,1,0,0,0,0,0,0,0,0,0,0
honda,city,petrol,40000,40722,1,1,1,1,0,0,0,0,0,0,0,0,0,0
honda,city,petrol,40000,40283,1,1,1,1,0,0,0,0,0,0,0,0,0,0
honda,city,petrol,40000,40287,1,1,1,1,0,0,0,0,0,0,0,0,0,0
honda,city,petrol,40000,39723,1,1,1,1,0,0,0,0,0,0,0,0,0,0
honda,city,petrol,40000,41372,1,1,1,1,0,0,0,0,0,0,0,0,0,0
honda,city,petrol,40000,40282,1,1,1,1,0,0,0,0,0,0,0,0,0,0
honda,city,petrol,40000,40483,1,1,1,1,0,0,0,0,0,0,0,0,0,0
honda,city,petrol,40000,40675,1,1,1,1,0,0,0,0,0,0,0,0,0,0
honda,city,petrol,40000,40678,1,1,1,1,0,0,0,0,0,0,0,0,0,0
honda,city,petrol,40000,40089,1,1,1,1,0,0,0,0,0,0,0,0,0,0
honda,city,petrol,40000,40231,1,1,1,1,0,0,0,0,0,0,0,0,0,0
honda,city,petrol,40000,40453,1,1,1,1,0,0,0,0,0,0,0,0,0,0
honda,city,petrol,40000,41343,1,1,1,1,0,0,0,0,0,0,0,0,0,0
honda,city,petrol,40000,42657,1,1,1,1,0,0,0,0,0,0,0,0,0,0
honda,city,petrol,40000,40453,1,1,1,1,0,0,0,0,0,0,0,0,0,0
honda,city,petrol,40000,39767,1,1,1,1,0,0,0,0,0,0,0,0,0,0
honda,city,petrol,50000,50231,1,1,1,0,0,0,0,0,0,0,0,0,0,0
honda,city,petrol,50000,51023,1,1,1,0,0,0,0,0,0,0,0,0,0,0
honda,city,petrol,50000,53909,1,1,1,0,0,0,0,0,0,0,0,0,0,0
honda,city,petrol,50000,54098,1,1,1,0,0,0,0,0,0,0,0,0,0,0
honda,city,petrol,50000,50438,1,1,1,0,0,0,0,0,0,0,0,1,0,0
honda,city,petrol,50000,51832,1,1,1,0,0,0,0,0,0,0,0,1,0,0
honda,city,petrol,50000,49732,1,1,1,0,0,0,0,0,0,0,0,1,0,0
honda,city,petrol,50000,49028,1,1,1,0,0,0,0,0,0,0,0,1,0,0
honda,city,petrol,50000,50373,1,1,1,0,0,0,0,0,0,0,0,1,0,0
honda,city,petrol,50000,50342,1,1,1,0,0,0,0,0,0,0,0,1,0,0
honda,city,petrol,50000,50384,1,1,1,0,0,0,0,0,0,0,0,1,0,0
honda,city,petrol,50000,50878,1,1,1,0,0,0,0,0,0,0,0,1,0,0
honda,city,petrol,50000,50754,1,1,1,0,0,0,0,0,0,0,0,1,0,0
honda,city,petrol,50000,51437,1,1,1,0,0,0,0,0,0,0,0,1,0,0
honda,city,petrol,50000,50347,1,1,1,0,0,0,0,0,0,0,0,1,0,0
honda,city,petrol,50000,50321,1,1,1,0,0,0,0,0,0,0,0,1,0,0
honda,city,petrol,50000,50972,1,1,1,0,1,0,0,0,0,0,0,1,0,0
honda,city,petrol,50000,50034,1,1,1,0,1,0,0,0,0,0,0,1,0,0
honda,city,petrol,50000,50279,1,1,1,0,0,0,0,0,0,0,0,1,0,0
honda,city,petrol,50000,50283,1,1,1,0,1,0,0,0,0,0,0,1,0,0
honda,city,petrol,60000,60324,1,1,1,1,0,1,0,0,1,0,1,0,1,0
honda,city,petrol,60000,60349,1,1,1,1,0,1,0,0,1,0,1,0,1,0
honda,city,petrol,60000,60374,1,1,1,1,0,1,0,0,1,0,1,0,1,0
honda,city,petrol,60000,59993,1,1,1,1,0,1,0,0,1,0,1,0,1,0
honda,city,petrol,60000,61379,1,1,1,1,0,1,0,0,1,0,1,0,1,0
honda,city,petrol,60000,60342,1,1,1,1,0,1,0,0,1,0,1,0,1,0
honda,city,petrol,60000,60930,1,1,1,1,0,1,0,0,1,0,1,0,1,0
honda,city,petrol,60000,60432,1,1,1,1,0,1,0,0,1,0,1,0,1,0
honda,city,petrol,60000,60465,1,1,1,1,0,1,0,0,1,0,1,0,1,0
honda,city,petrol,60000,60765,1,1,1,1,0,1,0,0,1,0,1,0,1,0
honda,city,petrol,60000,59433,1,1,1,1,0,1,0,0,1,0,1,0,1,0
honda,city,petrol,60000,60875,1,1,1,1,0,1,0,0,1,0,1,0,1,0
honda,city,petrol,60000,60080,1,1,1,1,0,1,0,0,1,0,1,0,1,0
honda,city,petrol,60000,60909,1,1,1,1,0,1,0,0,1,0,1,0,1,0
honda,city,petrol,60000,60223,1,1,1,1,0,1,0,0,1,0,1,0,1,0
honda,city,petrol,60000,59343,1,1,1,1,0,1,0,0,1,0,1,0,1,0
honda,city,petrol,60000,60382,1,1,1,1,0,1,0,0,1,0,1,0,1,0
honda,city,petrol,60000,60237,1,1,1,1,0,1,0,0,1,0,1,0,1,0
honda,city,petrol,60000,60734,1,1,1,1,0,1,0,0,1,0,1,0,1,0
honda,city,petrol,60000,60798,1,1,1,1,0,1,0,0,1,0,1,0,1,0
honda,city,petrol,70000,70432,1,1,1,0,0,0,0,0,0,0,0,0,0,0
honda,city,petrol,70000,71372,1,1,1,0,0,0,0,0,0,0,0,0,0,0
honda,city,petrol,70000,70321,1,1,1,0,1,0,0,0,0,0,0,0,0,0
honda,city,petrol,70000,70232,1,1,1,0,1,0,0,0,0,0,0,0,0,0
honda,city,petrol,70000,69322,1,1,1,0,1,0,0,0,0,0,0,0,0,0
honda,city,petrol,70000,70237,1,1,1,0,1,0,0,0,0,0,0,0,0,0
honda,city,petrol,70000,70327,1,1,1,0,1,0,0,0,0,0,0,0,0,0
honda,city,petrol,70000,71326,1,1,1,0,1,0,0,0,0,0,0,0,0,0
honda,city,petrol,70000,70237,1,1,1,0,1,0,0,0,0,0,0,0,0,0
honda,city,petrol,70000,70895,1,1,1,0,1,0,0,0,0,0,0,0,0,0
honda,city,petrol,70000,69923,1,1,1,0,1,0,0,0,0,0,0,0,0,0
honda,city,petrol,70000,70349,1,1,1,0,0,0,0,0,0,0,0,0,0,0
honda,city,petrol,70000,70398,1,1,1,0,0,0,0,0,0,0,0,0,0,0
honda,city,petrol,70000,70321,1,1,1,0,0,0,0,0,0,0,0,0,0,0
honda,city,petrol,70000,70232,1,1,1,0,0,0,0,0,0,0,0,0,0,0
honda,city,petrol,70000,70098,1,1,1,0,0,0,0,0,0,0,0,0,0,0
honda,city,petrol,70000,70322,1,1,1,0,0,0,0,0,0,0,0,0,0,0
honda,city,petrol,70000,70567,1,1,1,0,0,0,0,0,0,0,0,0,0,0
honda,city,petrol,70000,70957,1,1,1,0,0,0,0,0,0,0,0,0,0,0
honda,city,petrol,80000,83679,1,1,1,0,0,0,1,0,0,0,0,0,0,0
honda,city,petrol,80000,80239,1,1,1,0,0,0,1,0,0,0,0,0,0,0
honda,city,petrol,80000,85489,1,1,1,0,0,0,1,0,0,0,0,0,0,0
honda,city,petrol,80000,88432,1,1,1,0,0,0,1,0,0,0,0,0,0,0
honda,city,petrol,80000,81348,1,1,1,0,0,0,1,0,0,0,0,0,0,0
honda,city,petrol,80000,80239,1,1,1,0,0,0,1,0,0,0,0,0,0,0
honda,city,petrol,80000,89273,1,1,1,0,0,0,1,0,0,0,0,0,0,0
honda,city,petrol,80000,82028,1,1,1,0,0,0,1,0,0,0,0,0,0,0
honda,city,petrol,80000,84722,1,1,1,1,0,0,1,0,0,0,0,0,0,0
honda,city,petrol,80000,88431,1,1,1,1,0,0,1,0,0,0,0,0,0,0
honda,city,petrol,80000,86222,1,1,1,0,0,0,1,0,0,0,0,0,0,0
honda,city,petrol,100000,90473,1,1,1,0,0,1,0,0,0,0,0,0,0,0
honda,city,petrol,100000,99374,1,1,1,0,0,1,0,0,0,0,0,0,0,0
honda,city,petrol,100000,95832,1,1,1,1,0,1,0,0,0,0,0,0,0,0
honda,city,petrol,100000,92484,1,1,1,0,1,1,0,0,0,0,0,0,0,0
honda,city,petrol,100000,94584,1,1,1,0,1,1,0,0,0,0,0,0,0,0
honda,city,petrol,100000,103472,1,1,1,0,0,0,0,0,0,0,0,0,0,0
honda,city,petrol,100000,113479,1,1,1,1,0,0,0,0,0,0,0,0,0,0
honda,city,petrol,100000,101302,1,1,1,1,0,0,0,0,0,0,0,0,0,0
honda,city,petrol,100000,109327,1,1,1,1,0,0,0,0,0,0,0,0,0,0
honda,city,diesel,10000,10766,1,1,1,0,1,0,0,0,0,0,0,0,0,0
honda,city,diesel,10000,10689,1,1,1,0,1,0,0,0,0,0,0,0,0,0
honda,city,diesel,10000,10355,1,1,1,0,0,0,0,0,0,0,0,0,0,0
honda,city,diesel,10000,11028,1,1,1,0,0,0,0,0,0,0,0,0,0,0
honda,city,diesel,10000,10843,1,1,1,0,0,0,0,0,0,0,0,0,0,0
honda,city,diesel,10000,10686,1,1,1,0,0,0,0,0,0,0,0,0,0,0
honda,city,diesel,10000,10573,1,1,1,0,1,0,0,0,0,0,0,0,0,0
honda,city,diesel,10000,10992,1,1,1,0,0,0,0,0,0,0,0,0,0,0
honda,city,diesel,10000,10376,1,1,1,0,0,0,0,0,0,0,0,0,0,0
honda,city,diesel,10000,11009,1,1,1,0,0,0,0,0,0,0,0,0,0,0
honda,city,diesel,10000,10048,1,1,1,0,0,0,0,0,0,0,0,0,0,0
honda,city,diesel,10000,10623,1,1,1,0,0,0,0,0,0,0,0,0,0,0
honda,city,diesel,10000,10832,1,1,1,0,0,0,0,0,0,0,0,0,0,0
honda,city,diesel,10000,9068,1,1,1,0,0,0,0,0,0,0,0,0,0,0
honda,city,diesel,10000,10666,1,1,1,0,1,0,0,0,0,0,0,0,0,0
honda,city,diesel,10000,10879,1,1,1,0,0,0,0,0,0,0,0,0,0,0
honda,city,diesel,10000,9978,1,1,1,0,0,0,0,0,0,0,0,0,0,0
honda,city,diesel,10000,11658,1,1,1,0,1,0,0,0,0,0,0,0,0,0
honda,city,diesel,10000,10769,1,1,1,0,1,0,0,0,0,0,0,0,0,0
honda,city,diesel,10000,10761,1,1,1,0,1,0,0,0,0,0,0,0,0,0
honda,city,diesel,10000,11957,1,1,1,0,0,0,0,0,0,0,0,0,0,0
honda,city,diesel,20000,20788,1,1,1,1,0,1,1,0,0,0,0,0,0,0
honda,city,diesel,20000,20472,1,1,1,1,0,1,1,0,0,0,0,0,0,0
honda,city,diesel,20000,19236,1,1,1,1,0,1,1,0,0,0,0,0,0,0
honda,city,diesel,20000,20274,1,1,1,1,0,1,1,0,0,0,0,0,0,0
honda,city,diesel,20000,20768,1,1,1,1,0,1,1,0,0,0,0,0,0,0
honda,city,diesel,20000,21867,1,1,1,1,0,1,1,0,0,0,0,0,0,0
honda,city,diesel,20000,21688,1,1,1,1,0,1,1,0,0,0,0,0,0,0
honda,city,diesel,20000,20766,1,1,1,1,0,1,1,0,0,0,0,0,0,0
honda,city,diesel,20000,20987,1,1,1,1,0,1,1,0,0,0,0,0,0,0
honda,city,diesel,20000,20243,1,1,1,1,0,1,1,0,0,0,0,0,0,0
honda,city,diesel,20000,20657,1,1,1,1,1,1,1,0,0,0,0,0,0,0
honda,city,diesel,20000,19467,1,1,1,1,1,1,1,0,0,0,0,0,0,0
honda,city,diesel,20000,19054,1,1,1,1,1,1,1,0,0,0,0,0,0,0
honda,city,diesel,20000,20453,1,1,1,1,1,1,1,0,0,0,0,0,0,0
honda,city,diesel,20000,20980,1,1,1,1,0,1,1,0,0,0,0,0,0,0
honda,city,diesel,20000,21467,1,1,1,1,0,1,1,0,0,0,0,0,0,0
honda,city,diesel,20000,20564,1,1,1,1,1,1,1,0,0,0,0,0,0,0
honda,city,diesel,20000,20768,1,1,1,1,0,1,1,0,0,0,0,0,0,0
honda,city,diesel,20000,22567,1,1,1,1,0,1,1,0,0,0,0,0,0,0
honda,city,diesel,20000,20576,1,1,1,1,0,1,1,0,0,0,0,0,0,0
honda,city,diesel,30000,30686,1,1,1,0,0,0,0,0,0,0,0,0,0,0
honda,city,diesel,30000,30897,1,1,1,0,0,0,0,0,0,0,0,0,0,0
honda,city,diesel,30000,30675,1,1,1,0,0,0,0,0,0,0,0,0,0,0
honda,city,diesel,30000,30612,1,1,1,0,0,0,0,0,0,0,0,0,0,0
honda,city,diesel,30000,31763,1,1,1,0,0,0,0,0,0,0,0,0,0,0
honda,city,diesel,30000,30980,1,1,1,0,0,0,0,0,0,0,0,0,0,0
honda,city,diesel,30000,30998,1,1,1,0,0,0,0,0,0,0,0,0,0,0
honda,city,diesel,30000,29234,1,1,1,0,0,0,0,0,0,0,0,0,0,0
honda,city,diesel,30000,30909,1,1,1,0,0,0,0,0,0,0,0,0,0,0
honda,city,diesel,30000,30522,1,1,1,0,0,0,0,0,0,0,0,0,0,0
honda,city,diesel,30000,30863,1,1,1,0,0,0,0,0,0,0,0,0,0,0
honda,city,diesel,30000,29837,1,1,1,0,0,0,0,0,0,0,0,0,0,0
honda,city,diesel,30000,30674,1,1,1,0,0,0,0,0,0,0,0,0,0,0
honda,city,diesel,30000,31658,1,1,1,0,0,0,0,0,0,0,0,0,0,0
honda,city,diesel,30000,31225,1,1,1,0,0,0,0,0,0,0,0,0,0,0
honda,city,diesel,30000,30987,1,1,1,0,0,0,0,0,0,0,0,0,0,0
honda,city,diesel,30000,30545,1,1,1,0,0,0,0,0,0,0,0,0,0,0
honda,city,diesel,30000,32507,1,1,1,0,0,0,0,0,0,0,0,0,0,0
honda,city,diesel,30000,30087,1,1,1,0,0,0,0,0,0,0,0,0,0,0
honda,city,diesel,30000,30179,1,1,1,0,0,0,0,0,0,1,0,0,0,0
honda,city,diesel,40000,40878,1,1,1,1,0,1,1,0,0,1,0,0,0,0
honda,city,diesel,40000,40328,1,1,1,1,0,1,1,0,0,1,0,0,0,0
honda,city,diesel,40000,40368,1,1,1,1,0,1,1,0,0,1,0,0,0,0
honda,city,diesel,40000,39175,1,1,1,1,0,1,1,0,0,1,0,0,0,0
honda,city,diesel,40000,40613,1,1,1,1,0,1,1,0,0,1,0,0,0,0
honda,city,diesel,40000,40293,1,1,1,1,0,1,1,0,0,1,0,0,0,0
honda,city,diesel,40000,40733,1,1,1,1,0,1,1,0,0,1,0,0,0,0
honda,city,diesel,40000,41382,1,1,1,1,0,1,1,0,0,1,0,0,0,0
honda,city,diesel,40000,40289,1,1,1,1,0,1,1,0,0,1,0,0,0,0
honda,city,diesel,40000,39236,1,1,1,1,0,1,1,0,0,1,0,0,0,0
honda,city,diesel,40000,40786,1,1,1,1,0,1,1,0,0,1,0,0,0,0
honda,city,diesel,40000,40342,1,1,1,1,0,1,1,0,0,1,0,0,0,0
honda,city,diesel,40000,40345,1,1,1,1,0,1,1,0,0,1,0,0,0,0
honda,city,diesel,40000,40897,1,1,1,1,0,1,1,0,0,1,0,0,0,0
honda,city,diesel,40000,40568,1,1,1,1,0,1,1,0,0,1,0,0,0,0
honda,city,diesel,40000,40076,1,1,1,1,0,1,1,0,0,1,0,0,0,0
honda,city,diesel,40000,40877,1,1,1,1,0,1,1,0,0,1,0,0,1,0
honda,city,diesel,40000,41765,1,1,1,1,0,1,1,0,0,1,0,0,1,0
honda,city,diesel,40000,39067,1,1,1,1,0,1,1,0,0,1,0,0,1,0
honda,city,diesel,40000,40675,1,1,1,1,0,1,1,0,0,1,0,0,1,0
honda,city,diesel,50000,50789,1,1,1,0,0,0,0,0,0,0,0,0,0,0
honda,city,diesel,50000,50438,1,1,1,0,0,0,0,0,0,0,0,0,0,0
honda,city,diesel,50000,51832,1,1,1,0,0,0,0,0,0,0,0,0,0,0
honda,city,diesel,50000,49732,1,1,1,0,0,0,0,0,0,0,0,1,0,0
honda,city,diesel,50000,49028,1,1,1,0,0,0,0,0,0,0,0,1,0,0
honda,city,diesel,50000,50373,1,1,1,0,0,0,0,0,0,0,0,1,0,0
honda,city,diesel,50000,50342,1,1,1,0,0,0,0,0,0,0,0,1,0,0
honda,city,diesel,50000,50384,1,1,1,0,0,0,0,0,0,0,0,1,0,0
honda,city,diesel,50000,50878,1,1,1,0,0,0,0,0,0,0,0,1,0,0
honda,city,diesel,50000,50754,1,1,1,0,0,0,0,0,0,0,0,1,0,0
honda,city,diesel,50000,51437,1,1,1,0,0,0,0,0,0,0,0,1,0,0
honda,city,diesel,50000,50789,1,1,1,0,0,0,0,0,0,0,0,1,0,0
honda,city,diesel,50000,50432,1,1,1,0,0,0,0,0,0,0,0,1,0,0
honda,city,diesel,50000,50659,1,1,1,0,0,0,0,0,0,0,0,1,0,0
honda,city,diesel,50000,53768,1,1,1,0,0,0,0,0,0,0,0,1,0,0
honda,city,diesel,50000,50769,1,1,1,0,1,0,0,0,0,0,0,1,0,0
honda,city,diesel,50000,49013,1,1,1,0,1,0,0,0,0,0,0,1,0,0
honda,city,diesel,50000,51556,1,1,1,0,0,0,0,0,0,0,0,1,0,0
honda,city,diesel,50000,50897,1,1,1,0,1,0,0,0,0,0,0,1,0,0
honda,city,diesel,50000,50086,1,1,1,0,0,0,0,0,0,0,0,1,0,0
honda,city,diesel,60000,60879,1,1,1,1,0,1,1,0,1,0,1,0,1,0
honda,city,diesel,60000,60839,1,1,1,1,0,1,1,0,1,0,1,0,1,0
honda,city,diesel,60000,60321,1,1,1,1,0,1,1,0,1,0,1,0,1,0
honda,city,diesel,60000,61733,1,1,1,1,0,1,1,0,1,0,1,0,1,0
honda,city,diesel,60000,60977,1,1,1,1,0,1,1,0,1,0,1,0,1,0
honda,city,diesel,60000,60632,1,1,1,1,0,1,1,0,1,0,1,0,1,0
honda,city,diesel,60000,60872,1,1,1,1,0,1,1,0,1,0,1,0,1,0
honda,city,diesel,60000,60134,1,1,1,1,0,1,1,0,1,0,1,0,1,0
honda,city,diesel,60000,60427,1,1,1,1,0,1,1,0,1,0,1,0,1,0
honda,city,diesel,60000,60349,1,1,1,1,0,1,1,0,1,0,1,0,1,0
honda,city,diesel,60000,60374,1,1,1,1,0,1,1,0,1,0,1,0,1,0
honda,city,diesel,60000,60694,1,1,1,1,0,1,1,0,1,0,1,0,1,0
honda,city,diesel,60000,61379,1,1,1,1,0,1,1,0,1,0,1,0,1,0
honda,city,diesel,60000,59262,1,1,1,1,0,1,1,0,1,0,1,0,1,0
honda,city,diesel,60000,60876,1,1,1,1,0,1,1,0,1,0,1,0,1,0
honda,city,diesel,60000,60456,1,1,1,1,0,1,1,0,1,0,1,0,1,0
honda,city,diesel,60000,60657,1,1,1,1,0,1,1,0,1,0,1,0,1,0
honda,city,diesel,60000,59760,1,1,1,1,0,1,1,0,1,0,1,0,1,0
honda,city,diesel,60000,61234,1,1,1,1,0,1,1,0,1,0,1,0,1,0
honda,city,diesel,60000,60789,1,1,1,1,0,1,1,0,1,0,1,0,1,0
honda,city,diesel,70000,70765,1,1,1,0,0,0,0,0,0,0,1,0,0,0
honda,city,diesel,70000,70384,1,1,1,0,1,0,0,0,0,0,0,0,0,0
honda,city,diesel,70000,70976,1,1,1,0,1,0,0,0,0,0,0,0,0,0
honda,city,diesel,70000,71253,1,1,1,0,1,0,0,0,0,0,0,0,0,0
honda,city,diesel,70000,70311,1,1,1,0,1,0,0,0,0,0,0,0,0,0
honda,city,diesel,70000,70789,1,1,1,0,1,0,0,0,0,0,0,0,0,0
honda,city,diesel,70000,70098,1,1,1,0,1,0,0,0,0,0,0,0,0,0
honda,city,diesel,70000,69432,1,1,1,0,1,0,0,0,0,0,0,0,0,0
honda,city,diesel,70000,70894,1,1,1,0,1,0,0,0,0,0,0,0,0,0
honda,city,diesel,70000,70753,1,1,1,0,1,0,0,0,0,0,0,0,0,0
honda,city,diesel,70000,70756,1,1,1,0,0,0,0,0,0,0,0,0,0,0
honda,city,diesel,70000,70890,1,1,1,0,0,0,0,0,0,0,0,0,0,0
honda,city,diesel,70000,69876,1,1,1,0,0,0,0,0,0,0,0,0,0,0
honda,city,diesel,70000,70766,1,1,1,0,0,0,0,0,0,0,0,0,0,0
honda,city,diesel,70000,70087,1,1,1,0,0,0,0,0,0,0,0,0,0,0
honda,city,diesel,70000,70234,1,1,1,0,0,0,0,0,0,0,0,0,0,0
honda,city,diesel,70000,71456,1,1,1,0,0,0,0,0,0,0,0,0,0,0
honda,city,diesel,70000,70975,1,1,1,0,0,0,0,0,0,0,0,0,0,0
honda,city,diesel,70000,70255,1,1,1,0,0,0,0,0,0,1,0,0,0,0
honda,city,diesel,70000,70346,1,1,1,0,0,0,0,0,0,1,0,0,0,0
honda,city,diesel,80000,83678,1,1,1,1,0,1,1,0,0,1,0,0,0,0
honda,city,diesel,80000,88432,1,1,1,1,0,1,1,0,0,1,0,0,0,1
honda,city,diesel,80000,83223,1,1,1,1,0,1,1,0,0,1,0,0,0,1
honda,city,diesel,80000,84978,1,1,1,1,0,1,1,0,0,1,0,0,0,1
honda,city,diesel,80000,89262,1,1,1,1,0,1,1,0,0,1,0,0,0,1
honda,city,diesel,80000,81362,1,1,1,1,0,1,1,0,0,1,0,0,0,1
honda,city,diesel,80000,80623,1,1,1,1,0,1,1,0,0,1,0,0,0,0
honda,city,diesel,80000,80628,1,1,1,1,0,1,1,0,0,1,0,0,0,0
honda,city,diesel,80000,90624,1,1,1,0,1,0,0,0,0,0,0,0,0,0
honda,city,diesel,100000,95293,1,1,1,0,1,0,0,0,0,0,0,0,0,0
honda,city,diesel,100000,98673,1,1,1,0,1,0,0,0,0,0,0,0,0,0
honda,city,diesel,100000,92463,1,1,1,0,1,0,0,0,0,0,0,0,0,0
honda,city,diesel,100000,102836,1,1,1,1,0,1,1,0,0,0,0,0,0,1
honda,city,diesel,100000,108236,1,1,1,1,0,1,1,0,0,0,0,0,0,1
honda,city,diesel,100000,117248,1,1,1,1,1,1,1,0,1,0,0,0,1,1
honda,city,diesel,100000,128699,1,1,1,1,0,1,1,0,1,1,0,0,1,1
toyota,fortuner,diesel,10000,10657,1,1,0,0,0,0,0,0,0,0,0,0,0,0
toyota,fortuner,diesel,10000,10732,1,1,0,0,0,0,0,0,0,0,0,0,0,0
toyota,fortuner,diesel,10000,10232,1,1,0,0,0,0,0,0,0,0,0,0,0,0
toyota,fortuner,diesel,10000,10747,1,1,0,0,0,0,0,0,0,0,0,0,0,0
toyota,fortuner,diesel,10000,11237,1,1,0,0,0,0,0,0,0,0,0,0,0,0
toyota,fortuner,diesel,10000,10355,1,1,0,0,0,0,0,0,0,0,0,0,0,0
toyota,fortuner,diesel,10000,11028,1,1,0,0,0,0,0,0,0,0,0,0,0,0
toyota,fortuner,diesel,10000,10843,1,1,0,0,0,0,0,0,0,0,0,0,0,0
toyota,fortuner,diesel,10000,10686,1,1,0,0,0,0,0,0,0,0,0,0,0,0
toyota,fortuner,diesel,10000,10573,1,1,0,0,0,0,0,0,0,0,0,0,0,0
toyota,fortuner,diesel,10000,10992,1,1,0,0,0,0,0,0,0,0,0,0,0,0
toyota,fortuner,diesel,10000,10376,1,1,0,0,0,0,0,0,0,0,0,0,0,0
toyota,fortuner,diesel,10000,11009,1,1,0,0,0,0,0,0,0,0,0,0,0,0
toyota,fortuner,diesel,10000,10048,1,1,0,0,0,0,0,0,0,0,0,0,0,0
toyota,fortuner,diesel,10000,10623,1,1,0,0,0,0,0,0,0,0,0,0,0,0
toyota,fortuner,diesel,10000,9076,1,1,0,0,0,0,0,0,0,0,0,0,0,0
toyota,fortuner,diesel,10000,10783,1,1,0,0,0,0,0,0,0,0,0,0,0,0
toyota,fortuner,diesel,10000,10673,1,1,0,0,0,0,0,0,0,0,0,0,0,0
toyota,fortuner,diesel,10000,10342,1,1,0,0,0,0,0,0,0,0,0,0,0,0
toyota,fortuner,diesel,10000,10024,1,1,0,0,0,0,0,0,0,0,0,0,0,0
toyota,fortuner,diesel,20000,20568,1,1,1,0,0,1,1,0,0,0,0,0,0,0
toyota,fortuner,diesel,20000,20657,1,1,1,0,0,1,1,0,0,0,0,0,0,0
toyota,fortuner,diesel,20000,20732,1,1,1,0,0,1,1,0,0,0,0,0,0,0
toyota,fortuner,diesel,20000,20327,1,1,1,0,0,1,1,0,0,0,0,0,0,0
toyota,fortuner,diesel,20000,20474,1,1,1,0,0,1,1,0,0,0,0,0,0,0
toyota,fortuner,diesel,20000,20473,1,1,1,0,0,1,1,0,0,0,0,0,0,0
toyota,fortuner,diesel,20000,20436,1,1,1,0,0,1,1,0,0,0,0,0,0,0
toyota,fortuner,diesel,20000,20859,1,1,1,0,0,1,1,0,0,0,0,0,0,0
toyota,fortuner,diesel,20000,20908,1,1,1,0,0,1,1,0,0,0,0,0,0,0
toyota,fortuner,diesel,20000,21382,1,1,1,0,0,1,1,0,0,0,0,0,0,0
toyota,fortuner,diesel,20000,19732,1,1,1,0,1,1,1,0,0,0,0,0,0,0
toyota,fortuner,diesel,20000,20823,1,1,1,0,1,1,1,0,0,0,0,0,0,0
toyota,fortuner,diesel,20000,20373,1,1,1,0,1,1,1,0,0,0,0,0,0,0
toyota,fortuner,diesel,20000,20472,1,1,1,0,1,1,1,0,0,0,0,0,0,0
toyota,fortuner,diesel,20000,20879,1,1,1,0,1,1,1,0,0,0,0,0,0,0
toyota,fortuner,diesel,20000,22658,1,1,1,0,1,1,1,0,0,0,0,0,0,0
toyota,fortuner,diesel,20000,20657,1,1,1,0,1,1,1,0,0,0,0,0,0,0
toyota,fortuner,diesel,20000,20158,1,1,1,0,1,1,1,0,0,0,0,0,0,0
toyota,fortuner,diesel,20000,20655,1,1,1,0,1,1,1,0,0,0,0,0,0,0
toyota,fortuner,diesel,20000,20989,1,1,1,0,1,1,1,0,0,0,0,0,0,0
toyota,fortuner,diesel,30000,30321,1,1,0,1,1,0,0,0,0,0,0,0,0,0
toyota,fortuner,diesel,30000,30677,1,1,0,1,1,0,0,0,0,0,0,0,0,0
toyota,fortuner,diesel,30000,30611,1,1,0,1,1,0,0,0,0,0,0,0,0,0
toyota,fortuner,diesel,30000,30018,1,1,0,1,1,0,0,0,0,0,0,0,0,0
toyota,fortuner,diesel,30000,30783,1,1,0,1,1,0,0,0,0,0,0,0,0,0
toyota,fortuner,diesel,30000,30463,1,1,0,1,1,0,0,0,0,0,0,0,0,0
toyota,fortuner,diesel,30000,30463,1,1,0,1,1,0,0,0,0,0,0,0,0,0
toyota,fortuner,diesel,30000,29625,1,1,0,1,1,0,0,0,0,0,0,0,0,0
toyota,fortuner,diesel,30000,31833,1,1,0,1,1,0,0,0,0,0,0,0,0,0
toyota,fortuner,diesel,30000,30172,1,1,0,1,1,0,0,0,0,0,0,0,0,0
toyota,fortuner,diesel,30000,30132,1,1,0,1,1,0,0,0,0,0,0,0,0,0
toyota,fortuner,diesel,30000,29234,1,1,0,1,1,0,0,0,0,0,0,0,0,0
toyota,fortuner,diesel,30000,30541,1,1,0,1,1,0,0,0,0,0,0,0,0,0
toyota,fortuner,diesel,30000,29650,1,1,0,1,1,0,0,0,0,0,0,0,0,0
toyota,fortuner,diesel,30000,30089,1,1,0,1,1,0,0,0,0,0,0,0,0,0
toyota,fortuner,diesel,30000,30658,1,1,0,1,1,0,0,0,0,0,0,0,0,0
toyota,fortuner,diesel,30000,30540,1,1,0,1,1,0,0,0,0,0,0,0,0,0
toyota,fortuner,diesel,30000,30719,1,1,0,1,1,0,0,0,0,0,0,0,0,0
toyota,fortuner,diesel,30000,30257,1,1,0,1,1,0,0,0,0,0,0,0,0,0
toyota,fortuner,diesel,30000,31566,1,1,0,1,1,1,0,0,0,0,0,0,0,0
toyota,fortuner,diesel,40000,40078,1,1,0,0,0,1,0,0,0,1,0,0,0,0
toyota,fortuner,diesel,40000,40722,1,1,0,0,0,1,0,0,0,1,0,0,0,0
toyota,fortuner,diesel,40000,40283,1,1,0,0,0,1,0,0,0,1,0,0,0,0
toyota,fortuner,diesel,40000,40287,1,1,0,0,0,1,0,0,0,1,0,0,0,0
toyota,fortuner,diesel,40000,39723,1,1,0,0,0,1,0,0,0,1,0,0,0,0
toyota,fortuner,diesel,40000,41372,1,1,0,0,0,1,0,0,0,1,0,0,0,0
toyota,fortuner,diesel,40000,40282,1,1,0,0,0,1,0,0,0,1,0,0,0,0
toyota,fortuner,diesel,40000,40483,1,1,0,0,0,1,0,0,0,1,0,0,0,0
toyota,fortuner,diesel,40000,40984,1,1,0,0,0,1,0,0,0,1,0,0,0,0
toyota,fortuner,diesel,40000,40932,1,1,0,0,0,1,0,0,0,1,0,0,0,0
toyota,fortuner,diesel,40000,40282,1,1,0,0,0,1,0,0,0,1,0,0,0,0
toyota,fortuner,diesel,40000,40221,1,1,0,0,0,1,0,0,0,1,0,0,0,0
toyota,fortuner,diesel,40000,42778,1,1,0,0,0,1,0,0,0,1,0,0,0,0
toyota,fortuner,diesel,40000,40787,1,1,0,0,0,1,0,0,0,1,0,0,0,0
toyota,fortuner,diesel,40000,40098,1,1,0,0,0,1,0,0,0,1,0,0,0,0
toyota,fortuner,diesel,40000,40379,1,1,0,0,0,1,0,0,0,1,0,0,0,0
toyota,fortuner,diesel,40000,40257,1,1,0,0,0,1,0,0,0,1,0,0,0,0
toyota,fortuner,diesel,40000,40764,1,1,0,0,0,1,0,0,0,1,0,0,0,0
toyota,fortuner,diesel,40000,40643,1,1,0,0,0,1,0,0,0,1,0,0,0,0
toyota,fortuner,diesel,40000,40173,1,1,0,0,0,1,0,0,0,1,0,0,0,0
toyota,fortuner,diesel,50000,50583,1,1,1,0,0,0,0,0,1,0,0,1,0,0
toyota,fortuner,diesel,50000,50236,1,1,1,0,0,0,0,0,1,0,0,1,0,0
toyota,fortuner,diesel,50000,50673,1,1,1,0,0,0,0,0,1,0,0,1,0,0
toyota,fortuner,diesel,50000,50892,1,1,1,0,0,0,0,0,1,0,0,1,0,0
toyota,fortuner,diesel,50000,51427,1,1,1,0,0,0,0,0,1,0,0,1,0,0
toyota,fortuner,diesel,50000,50237,1,1,1,0,0,0,0,0,1,0,0,1,0,0
toyota,fortuner,diesel,50000,49622,1,1,1,0,0,0,0,0,1,0,0,1,0,0
toyota,fortuner,diesel,50000,49263,1,1,1,0,0,0,0,0,1,0,0,1,0,0
toyota,fortuner,diesel,50000,50268,1,1,1,0,0,0,0,0,1,0,0,1,0,0
toyota,fortuner,diesel,50000,51452,1,1,1,0,0,0,0,0,1,0,0,1,0,0
toyota,fortuner,diesel,50000,50348,1,1,1,0,0,0,0,0,1,0,0,1,0,0
toyota,fortuner,diesel,50000,50888,1,1,1,0,0,0,0,0,1,0,0,1,0,0
toyota,fortuner,diesel,50000,50678,1,1,1,0,0,0,0,0,1,0,0,1,0,0
toyota,fortuner,diesel,50000,50755,1,1,1,0,0,0,0,0,1,0,0,1,0,0
toyota,fortuner,diesel,50000,50245,1,1,1,0,0,0,0,0,1,0,0,1,0,0
toyota,fortuner,diesel,50000,50345,1,1,1,0,0,0,0,0,1,0,0,1,0,0
toyota,fortuner,diesel,50000,50896,1,1,1,0,0,0,0,0,1,0,0,1,0,0
toyota,fortuner,diesel,50000,50890,1,1,1,0,0,0,0,0,1,0,0,1,0,0
toyota,fortuner,diesel,50000,50789,1,1,1,0,1,0,0,0,1,0,0,1,0,0
toyota,fortuner,diesel,50000,50246,1,1,1,0,1,0,0,0,1,0,0,1,0,0
toyota,fortuner,diesel,60000,60934,1,1,1,1,1,1,1,0,0,0,1,0,1,0
toyota,fortuner,diesel,60000,60272,1,1,1,1,1,1,1,0,0,0,1,0,1,0
toyota,fortuner,diesel,60000,60347,1,1,0,1,1,1,1,0,0,0,1,0,1,0
toyota,fortuner,diesel,60000,60322,1,1,0,1,1,1,1,0,0,0,1,0,1,0
toyota,fortuner,diesel,60000,60347,1,1,0,1,1,1,1,0,0,0,1,0,1,0
toyota,fortuner,diesel,60000,60839,1,1,0,1,1,1,1,0,0,0,1,0,1,0
toyota,fortuner,diesel,60000,60321,1,1,0,1,1,1,1,0,0,0,1,0,1,0
toyota,fortuner,diesel,60000,61733,1,1,0,1,1,1,1,0,0,0,1,0,1,0
toyota,fortuner,diesel,60000,60977,1,1,0,1,1,1,1,0,0,0,1,0,1,0
toyota,fortuner,diesel,60000,60632,1,1,0,1,1,1,1,0,0,0,1,0,1,0
toyota,fortuner,diesel,60000,60872,1,1,0,1,1,1,1,0,0,0,1,0,1,0
toyota,fortuner,diesel,60000,60134,1,1,0,1,1,1,1,0,0,0,1,0,1,0
toyota,fortuner,diesel,60000,60427,1,1,0,1,1,1,1,0,0,0,1,0,1,0
toyota,fortuner,diesel,60000,60456,1,1,0,1,1,1,1,0,0,0,1,0,1,0
toyota,fortuner,diesel,60000,60677,1,1,0,1,1,1,1,0,0,0,1,0,1,0
toyota,fortuner,diesel,60000,60345,1,1,0,1,1,1,1,0,0,0,1,0,1,0
toyota,fortuner,diesel,60000,60989,1,1,0,1,1,1,1,0,0,0,1,0,1,0
toyota,fortuner,diesel,60000,60123,1,1,0,1,1,1,1,0,0,0,1,0,1,0
toyota,fortuner,diesel,60000,60023,1,1,0,1,1,1,1,0,0,0,1,0,1,0
toyota,fortuner,diesel,60000,60582,1,1,0,1,1,1,1,0,0,0,1,0,1,0
toyota,fortuner,diesel,70000,70456,1,1,0,0,0,0,0,0,0,0,0,0,0,0
toyota,fortuner,diesel,70000,70787,1,1,0,0,0,0,0,0,0,0,0,0,0,0
toyota,fortuner,diesel,70000,70747,1,1,0,0,0,0,0,0,0,0,0,0,0,0
toyota,fortuner,diesel,70000,70360,1,1,0,0,0,0,0,0,0,0,0,0,0,0
toyota,fortuner,diesel,70000,71580,1,1,0,0,0,0,0,0,0,0,0,0,0,0
toyota,fortuner,diesel,70000,70765,1,1,0,0,0,0,0,0,0,0,0,0,0,0
toyota,fortuner,diesel,70000,70272,1,1,0,0,0,0,0,0,0,0,0,0,0,0
toyota,fortuner,diesel,70000,70347,1,1,0,0,0,0,0,0,0,0,0,0,0,0
toyota,fortuner,diesel,70000,70322,1,1,0,0,0,0,0,0,0,0,0,0,0,0
toyota,fortuner,diesel,70000,70347,1,1,0,0,0,0,0,0,0,0,0,0,0,0
toyota,fortuner,diesel,70000,70473,1,1,0,0,0,0,0,0,0,0,0,0,0,0
toyota,fortuner,diesel,70000,71009,1,1,0,0,0,0,0,0,0,0,0,0,0,0
toyota,fortuner,diesel,70000,69498,1,1,0,0,0,0,0,0,0,0,0,0,0,0
toyota,fortuner,diesel,70000,70777,1,1,0,0,0,0,0,0,0,0,0,0,0,0
toyota,fortuner,diesel,70000,70320,1,1,0,0,0,0,0,0,0,0,0,0,0,0
toyota,fortuner,diesel,70000,70380,1,1,1,0,0,0,0,0,0,0,0,0,0,0
toyota,fortuner,diesel,70000,70134,1,1,1,0,0,0,0,0,0,0,0,0,0,0
toyota,fortuner,diesel,70000,70333,1,1,1,0,0,0,0,0,0,0,0,0,0,0
toyota,fortuner,diesel,70000,70076,1,1,1,0,0,0,0,0,0,0,0,0,0,0
toyota,fortuner,diesel,70000,70976,1,1,1,0,0,0,0,0,0,0,0,0,0,0
toyota,fortuner,diesel,80000,82879,1,1,1,0,0,1,0,0,0,0,0,0,0,1
toyota,fortuner,diesel,80000,84232,1,1,1,0,0,1,0,0,0,0,0,0,0,1
toyota,fortuner,diesel,80000,86289,1,1,1,0,0,1,0,0,0,1,0,0,0,1
toyota,fortuner,diesel,80000,89827,1,1,1,0,0,1,0,0,0,1,0,0,0,1
toyota,fortuner,diesel,80000,83238,1,1,1,0,0,1,0,0,0,1,0,0,0,1
toyota,fortuner,diesel,80000,81723,1,1,1,0,0,1,0,0,0,1,0,0,0,1
toyota,fortuner,diesel,80000,88937,1,1,1,0,0,1,0,0,0,1,0,0,0,1
toyota,fortuner,diesel,80000,80782,1,1,1,0,0,1,0,0,0,1,0,0,0,1
toyota,fortuner,diesel,80000,81923,1,1,1,0,0,1,0,0,0,1,0,0,0,1
toyota,fortuner,diesel,80000,82732,1,1,1,0,0,1,0,0,0,1,0,0,0,1
toyota,fortuner,diesel,80000,80327,1,1,1,0,0,1,0,0,0,1,0,0,0,1
toyota,fortuner,diesel,80000,80311,1,1,1,0,0,1,0,0,0,1,0,0,0,1
toyota,fortuner,diesel,80000,90677,1,1,1,1,0,0,1,0,0,0,0,0,0,1
toyota,fortuner,diesel,100000,94373,1,1,1,1,0,0,1,0,0,0,0,0,0,0
toyota,fortuner,diesel,100000,91263,1,1,1,1,0,0,1,0,0,0,0,0,0,0
toyota,fortuner,diesel,100000,96236,1,1,1,1,0,0,1,0,0,0,0,0,0,0
toyota,fortuner,diesel,100000,93438,1,1,1,1,0,0,1,0,0,0,0,0,0,0
toyota,fortuner,diesel,100000,106788,1,1,1,0,1,1,1,0,1,0,0,0,0,0
toyota,fortuner,diesel,100000,112576,1,1,1,0,1,1,1,0,1,0,0,0,0,0
toyota,fortuner,diesel,100000,110757,1,1,1,1,1,1,1,0,1,0,0,0,0,0
